{
  "val": {
    "loss": 8.086922270293595,
    "qwk": [
      0.41333406301733444,
      0.4037273583917914,
      0.3547164988451813
    ],
    "qwk_average": 0.390592640084769,
    "cm": [
      [
        [
          0,
          5,
          9,
          1,
          0
        ],
        [
          0,
          14,
          59,
          8,
          1
        ],
        [
          0,
          3,
          101,
          49,
          2
        ],
        [
          0,
          0,
          16,
          52,
          5
        ],
        [
          0,
          0,
          5,
          5,
          0
        ]
      ],
      [
        [
          0,
          0,
          8,
          1,
          0
        ],
        [
          0,
          6,
          60,
          10,
          0
        ],
        [
          0,
          1,
          104,
          59,
          0
        ],
        [
          0,
          0,
          13,
          66,
          1
        ],
        [
          0,
          0,
          0,
          6,
          0
        ]
      ],
      [
        [
          0,
          1,
          3,
          0,
          0
        ],
        [
          0,
          6,
          72,
          14,
          0
        ],
        [
          0,
          4,
          117,
          45,
          0
        ],
        [
          0,
          1,
          16,
          55,
          0
        ],
        [
          0,
          0,
          0,
          1,
          0
        ]
      ]
    ],
    "emd": [
      0.26813994227101084,
      0.27412238872160166,
      0.25371300941574076
    ],
    "macroEMD": 0.2653251134694511,
    "tail_recall0": [
      0.0,
      0.0,
      0.0
    ],
    "tail_recall0_average": 0.0
  },
  "extra": {
    "static_stats": {
      "static/train/lambda": {
        "mean": 1.0,
        "min": 1.0,
        "max": 1.0
      },
      "static/val/lambda": {
        "mean": 1.0,
        "min": 1.0,
        "max": 1.0
      },
      "static/all/lambda": {
        "mean": 1.0,
        "min": 1.0,
        "max": 1.0
      }
    }
  }
}