{
  "val": {
    "loss": 4.016195312930889,
    "qwk": [
      0.6713553508805734,
      0.6283586921333765,
      0.6365399265877139
    ],
    "qwk_average": 0.6454179898672212,
    "cm": [
      [
        [
          1,
          3,
          5,
          0,
          0
        ],
        [
          1,
          24,
          29,
          1,
          0
        ],
        [
          0,
          12,
          88,
          22,
          3
        ],
        [
          0,
          0,
          23,
          87,
          6
        ],
        [
          0,
          0,
          3,
          12,
          8
        ]
      ],
      [
        [
          1,
          3,
          4,
          1,
          0
        ],
        [
          0,
          28,
          18,
          5,
          1
        ],
        [
          0,
          26,
          65,
          30,
          0
        ],
        [
          0,
          1,
          19,
          111,
          3
        ],
        [
          0,
          0,
          0,
          11,
          1
        ]
      ],
      [
        [
          1,
          3,
          0,
          1,
          0
        ],
        [
          2,
          26,
          40,
          1,
          0
        ],
        [
          0,
          12,
          111,
          27,
          1
        ],
        [
          0,
          0,
          25,
          76,
          0
        ],
        [
          0,
          0,
          0,
          2,
          0
        ]
      ]
    ],
    "emd": [
      0.21534142758562452,
      0.24390217202368047,
      0.22810126842412143
    ],
    "macroEMD": 0.22911495601114215,
    "tail_recall0": [
      0.22946859903381642,
      0.09722222222222221,
      0.1
    ],
    "tail_recall0_average": 0.1422302737520129
  },
  "extra": {
    "static_stats": {
      "static/train/lambda": {
        "mean": 1.0,
        "min": 1.0,
        "max": 1.0
      },
      "static/val/lambda": {
        "mean": 1.0,
        "min": 1.0,
        "max": 1.0
      },
      "static/all/lambda": {
        "mean": 1.0,
        "min": 1.0,
        "max": 1.0
      }
    }
  }
}