{
  "val": {
    "loss": 12.224055810787416,
    "qwk": [
      0.2151117082862819,
      0.20328828092781492,
      0.2765125373821026
    ],
    "qwk_average": 0.2316375088653998,
    "cm": [
      [
        [
          0,
          3,
          1,
          0,
          0
        ],
        [
          1,
          2,
          11,
          1,
          0
        ],
        [
          0,
          8,
          49,
          21,
          0
        ],
        [
          1,
          1,
          83,
          70,
          7
        ],
        [
          0,
          1,
          38,
          24,
          1
        ]
      ],
      [
        [
          0,
          5,
          0,
          1,
          0
        ],
        [
          0,
          8,
          6,
          2,
          0
        ],
        [
          0,
          7,
          44,
          14,
          1
        ],
        [
          0,
          8,
          140,
          57,
          0
        ],
        [
          0,
          1,
          18,
          11,
          0
        ]
      ],
      [
        [
          0,
          0,
          1,
          0,
          0
        ],
        [
          0,
          11,
          18,
          0,
          0
        ],
        [
          0,
          4,
          100,
          7,
          0
        ],
        [
          0,
          3,
          139,
          39,
          0
        ],
        [
          0,
          0,
          0,
          1,
          0
        ]
      ]
    ],
    "emd": [
      0.26854998898006077,
      0.29154847899547176,
      0.26626448779449097
    ],
    "macroEMD": 0.27545431859000785,
    "tail_recall0": [
      0.0078125,
      0.0,
      0.0
    ],
    "tail_recall0_average": 0.0026041666666666665
  },
  "extra": {
    "static_stats": {
      "static/train/lambda": {
        "mean": 1.0,
        "min": 1.0,
        "max": 1.0
      },
      "static/train/rho": {
        "mean": [
          0.0,
          0.0,
          0.0
        ],
        "min": [
          0.0,
          0.0,
          0.0
        ],
        "max": [
          0.0,
          0.0,
          0.0
        ]
      },
      "static/val/lambda": {
        "mean": 1.0,
        "min": 1.0,
        "max": 1.0
      },
      "static/val/rho": {
        "mean": [
          0.0,
          0.0,
          0.0
        ],
        "min": [
          0.0,
          0.0,
          0.0
        ],
        "max": [
          0.0,
          0.0,
          0.0
        ]
      },
      "static/all/lambda": {
        "mean": 1.0,
        "min": 1.0,
        "max": 1.0
      },
      "static/all/rho": {
        "mean": [
          0.0,
          0.0,
          0.0
        ],
        "min": [
          0.0,
          0.0,
          0.0
        ],
        "max": [
          0.0,
          0.0,
          0.0
        ]
      }
    }
  }
}