{
  "val": {
    "loss": 7.837530632447392,
    "qwk": [
      0.5340751043115439,
      0.5223346543034126,
      0.511162127929069
    ],
    "qwk_average": 0.5225239621813419,
    "cm": [
      [
        [
          1,
          4,
          3,
          0,
          0
        ],
        [
          1,
          9,
          25,
          5,
          0
        ],
        [
          3,
          7,
          71,
          46,
          1
        ],
        [
          1,
          0,
          31,
          88,
          2
        ],
        [
          0,
          0,
          2,
          20,
          5
        ]
      ],
      [
        [
          1,
          4,
          1,
          0,
          0
        ],
        [
          1,
          17,
          21,
          9,
          0
        ],
        [
          2,
          13,
          72,
          26,
          0
        ],
        [
          0,
          3,
          54,
          89,
          2
        ],
        [
          0,
          0,
          1,
          6,
          3
        ]
      ],
      [
        [
          0,
          1,
          0,
          0,
          0
        ],
        [
          0,
          27,
          42,
          2,
          0
        ],
        [
          0,
          14,
          107,
          30,
          0
        ],
        [
          0,
          2,
          40,
          57,
          0
        ],
        [
          0,
          0,
          2,
          1,
          0
        ]
      ]
    ],
    "emd": [
      0.2375804013748462,
      0.2556587367514309,
      0.24227194562817306
    ],
    "macroEMD": 0.2451703612514834,
    "tail_recall0": [
      0.1550925925925926,
      0.23333333333333334,
      0.0
    ],
    "tail_recall0_average": 0.12947530864197532
  },
  "extra": {
    "static_stats": {
      "static/train/lambda": {
        "mean": 1.0,
        "min": 1.0,
        "max": 1.0
      },
      "static/train/rho": {
        "mean": [
          0.0,
          0.0,
          0.0
        ],
        "min": [
          0.0,
          0.0,
          0.0
        ],
        "max": [
          0.0,
          0.0,
          0.0
        ]
      },
      "static/val/lambda": {
        "mean": 1.0,
        "min": 1.0,
        "max": 1.0
      },
      "static/val/rho": {
        "mean": [
          0.0,
          0.0,
          0.0
        ],
        "min": [
          0.0,
          0.0,
          0.0
        ],
        "max": [
          0.0,
          0.0,
          0.0
        ]
      },
      "static/all/lambda": {
        "mean": 1.0,
        "min": 1.0,
        "max": 1.0
      },
      "static/all/rho": {
        "mean": [
          0.0,
          0.0,
          0.0
        ],
        "min": [
          0.0,
          0.0,
          0.0
        ],
        "max": [
          0.0,
          0.0,
          0.0
        ]
      }
    }
  }
}