{
  "val": {
    "loss": 1.262544801961722,
    "qwk": [
      0.49160864131405113,
      0.4781418847800154,
      0.43364084960308946
    ],
    "qwk_average": 0.46779712523238537,
    "cm": [
      [
        [
          1,
          0,
          8,
          1,
          0
        ],
        [
          0,
          9,
          28,
          4,
          0
        ],
        [
          0,
          3,
          68,
          51,
          0
        ],
        [
          0,
          0,
          36,
          101,
          4
        ],
        [
          0,
          0,
          3,
          13,
          5
        ]
      ],
      [
        [
          0,
          5,
          5,
          3,
          0
        ],
        [
          0,
          8,
          24,
          7,
          0
        ],
        [
          0,
          14,
          43,
          47,
          0
        ],
        [
          0,
          0,
          38,
          123,
          2
        ],
        [
          0,
          0,
          2,
          9,
          5
        ]
      ],
      [
        [
          0,
          3,
          9,
          0,
          0
        ],
        [
          0,
          8,
          40,
          4,
          0
        ],
        [
          0,
          12,
          104,
          42,
          0
        ],
        [
          0,
          3,
          33,
          74,
          0
        ],
        [
          0,
          0,
          0,
          3,
          0
        ]
      ]
    ],
    "emd": [
      0.23493653422757035,
      0.24040687656976917,
      0.2203589902894203
    ],
    "macroEMD": 0.23190080036225327,
    "tail_recall0": [
      0.16904761904761906,
      0.15625,
      0.0
    ],
    "tail_recall0_average": 0.10843253968253969
  },
  "extra": {
    "static_stats": {
      "static/train/lambda": {
        "mean": [
          1.0,
          1.0,
          1.0
        ],
        "min": [
          1.0,
          1.0,
          1.0
        ],
        "max": [
          1.0,
          1.0,
          1.0
        ]
      },
      "static/val/lambda": {
        "mean": [
          1.0,
          1.0,
          1.0
        ],
        "min": [
          1.0,
          1.0,
          1.0
        ],
        "max": [
          1.0,
          1.0,
          1.0
        ]
      },
      "static/all/lambda": {
        "mean": [
          1.0,
          1.0,
          1.0
        ],
        "min": [
          1.0,
          1.0,
          1.0
        ],
        "max": [
          1.0,
          1.0,
          1.0
        ]
      }
    }
  }
}