{
  "val": {
    "loss": 1.3114945581320305,
    "qwk": [
      0.573687690070078,
      0.5995293353891098,
      0.5337389694072296
    ],
    "qwk_average": 0.5689853316221392,
    "cm": [
      [
        [
          1,
          5,
          3,
          1,
          0
        ],
        [
          3,
          16,
          34,
          2,
          0
        ],
        [
          0,
          12,
          86,
          26,
          1
        ],
        [
          0,
          0,
          37,
          73,
          6
        ],
        [
          0,
          1,
          4,
          15,
          3
        ]
      ],
      [
        [
          3,
          3,
          2,
          1,
          0
        ],
        [
          0,
          16,
          31,
          6,
          0
        ],
        [
          0,
          14,
          80,
          28,
          0
        ],
        [
          0,
          2,
          29,
          102,
          0
        ],
        [
          0,
          0,
          0,
          11,
          1
        ]
      ],
      [
        [
          1,
          1,
          2,
          0,
          0
        ],
        [
          1,
          30,
          38,
          0,
          0
        ],
        [
          0,
          20,
          112,
          20,
          0
        ],
        [
          0,
          1,
          53,
          48,
          0
        ],
        [
          0,
          0,
          1,
          1,
          0
        ]
      ]
    ],
    "emd": [
      0.2109927621260161,
      0.1955366804091634,
      0.21046111769944523
    ],
    "macroEMD": 0.20566352007820823,
    "tail_recall0": [
      0.11521739130434783,
      0.20833333333333331,
      0.125
    ],
    "tail_recall0_average": 0.1495169082125604
  },
  "extra": {
    "static_stats": {
      "static/train/lambda": {
        "mean": [
          1.0,
          1.0,
          1.0
        ],
        "min": [
          1.0,
          1.0,
          1.0
        ],
        "max": [
          1.0,
          1.0,
          1.0
        ]
      },
      "static/train/rho": {
        "mean": [
          0.0,
          0.0,
          0.0
        ],
        "min": [
          0.0,
          0.0,
          0.0
        ],
        "max": [
          0.0,
          0.0,
          0.0
        ]
      },
      "static/val/lambda": {
        "mean": [
          1.0,
          1.0,
          1.0
        ],
        "min": [
          1.0,
          1.0,
          1.0
        ],
        "max": [
          1.0,
          1.0,
          1.0
        ]
      },
      "static/val/rho": {
        "mean": [
          0.0,
          0.0,
          0.0
        ],
        "min": [
          0.0,
          0.0,
          0.0
        ],
        "max": [
          0.0,
          0.0,
          0.0
        ]
      },
      "static/all/lambda": {
        "mean": [
          1.0,
          1.0,
          1.0
        ],
        "min": [
          1.0,
          1.0,
          1.0
        ],
        "max": [
          1.0,
          1.0,
          1.0
        ]
      },
      "static/all/rho": {
        "mean": [
          0.0,
          0.0,
          0.0
        ],
        "min": [
          0.0,
          0.0,
          0.0
        ],
        "max": [
          0.0,
          0.0,
          0.0
        ]
      }
    }
  }
}