{
  "val": {
    "loss": 8.483218042299738,
    "qwk": [
      0.6322776792500633,
      0.5876000614688255,
      0.5542751535576453
    ],
    "qwk_average": 0.5913842980921781,
    "cm": [
      [
        [
          0,
          6,
          2,
          1,
          0
        ],
        [
          3,
          22,
          26,
          3,
          1
        ],
        [
          0,
          8,
          90,
          24,
          4
        ],
        [
          0,
          1,
          25,
          82,
          8
        ],
        [
          0,
          0,
          1,
          15,
          6
        ]
      ],
      [
        [
          0,
          7,
          2,
          1,
          0
        ],
        [
          1,
          19,
          27,
          6,
          0
        ],
        [
          0,
          14,
          76,
          28,
          1
        ],
        [
          0,
          5,
          25,
          101,
          3
        ],
        [
          0,
          0,
          0,
          10,
          2
        ]
      ],
      [
        [
          1,
          3,
          1,
          0,
          0
        ],
        [
          1,
          22,
          44,
          2,
          0
        ],
        [
          0,
          17,
          105,
          29,
          0
        ],
        [
          0,
          2,
          35,
          65,
          0
        ],
        [
          0,
          0,
          0,
          1,
          0
        ]
      ]
    ],
    "emd": [
      0.21380947177389795,
      0.23845222892339915,
      0.23847389996498505
    ],
    "macroEMD": 0.2302452002207607,
    "tail_recall0": [
      0.13636363636363635,
      0.08333333333333333,
      0.1
    ],
    "tail_recall0_average": 0.10656565656565657
  },
  "extra": {
    "static_stats": {
      "static/train/lambda": {
        "mean": 1.0,
        "min": 1.0,
        "max": 1.0
      },
      "static/train/rho": {
        "mean": [
          0.0,
          0.0,
          0.0
        ],
        "min": [
          0.0,
          0.0,
          0.0
        ],
        "max": [
          0.0,
          0.0,
          0.0
        ]
      },
      "static/val/lambda": {
        "mean": 1.0,
        "min": 1.0,
        "max": 1.0
      },
      "static/val/rho": {
        "mean": [
          0.0,
          0.0,
          0.0
        ],
        "min": [
          0.0,
          0.0,
          0.0
        ],
        "max": [
          0.0,
          0.0,
          0.0
        ]
      },
      "static/all/lambda": {
        "mean": 1.0,
        "min": 1.0,
        "max": 1.0
      },
      "static/all/rho": {
        "mean": [
          0.0,
          0.0,
          0.0
        ],
        "min": [
          0.0,
          0.0,
          0.0
        ],
        "max": [
          0.0,
          0.0,
          0.0
        ]
      }
    }
  }
}