{
  "val": {
    "loss": 4.919977329054043,
    "qwk": [
      0.645496608987767,
      0.5891366948754113,
      0.5428495182707438
    ],
    "qwk_average": 0.5924942740446407,
    "cm": [
      [
        [
          0,
          7,
          3,
          0,
          0
        ],
        [
          2,
          16,
          35,
          2,
          0
        ],
        [
          0,
          10,
          77,
          36,
          2
        ],
        [
          0,
          0,
          20,
          87,
          9
        ],
        [
          0,
          0,
          2,
          15,
          6
        ]
      ],
      [
        [
          0,
          4,
          5,
          0,
          0
        ],
        [
          0,
          19,
          28,
          6,
          0
        ],
        [
          0,
          9,
          73,
          38,
          2
        ],
        [
          0,
          0,
          22,
          108,
          3
        ],
        [
          0,
          0,
          1,
          10,
          1
        ]
      ],
      [
        [
          0,
          3,
          2,
          0,
          0
        ],
        [
          0,
          23,
          46,
          0,
          0
        ],
        [
          0,
          15,
          106,
          30,
          1
        ],
        [
          0,
          1,
          36,
          64,
          0
        ],
        [
          0,
          0,
          1,
          1,
          0
        ]
      ]
    ],
    "emd": [
      0.2186687298541849,
      0.24213803818025656,
      0.24182107483368326
    ],
    "macroEMD": 0.23420928095604157,
    "tail_recall0": [
      0.13043478260869565,
      0.041666666666666664,
      0.0
    ],
    "tail_recall0_average": 0.057367149758454104
  },
  "extra": {
    "static_stats": {
      "static/train/lambda": {
        "mean": 1.0,
        "min": 1.0,
        "max": 1.0
      },
      "static/val/lambda": {
        "mean": 1.0,
        "min": 1.0,
        "max": 1.0
      },
      "static/all/lambda": {
        "mean": 1.0,
        "min": 1.0,
        "max": 1.0
      }
    }
  }
}