{
  "val": {
    "loss": 4.674865704036048,
    "qwk": [
      0.6130524555029926,
      0.6236406550920228,
      0.5561825505395956
    ],
    "qwk_average": 0.5976252203782036,
    "cm": [
      [
        [
          1,
          6,
          3,
          0,
          0
        ],
        [
          0,
          21,
          30,
          4,
          0
        ],
        [
          0,
          7,
          87,
          29,
          2
        ],
        [
          0,
          1,
          32,
          77,
          6
        ],
        [
          0,
          0,
          5,
          10,
          8
        ]
      ],
      [
        [
          1,
          6,
          2,
          0,
          0
        ],
        [
          0,
          21,
          27,
          5,
          0
        ],
        [
          0,
          13,
          85,
          23,
          1
        ],
        [
          0,
          1,
          42,
          87,
          3
        ],
        [
          0,
          0,
          0,
          8,
          4
        ]
      ],
      [
        [
          1,
          1,
          2,
          0,
          0
        ],
        [
          0,
          23,
          44,
          2,
          0
        ],
        [
          0,
          12,
          112,
          28,
          0
        ],
        [
          0,
          0,
          39,
          63,
          0
        ],
        [
          0,
          0,
          0,
          2,
          0
        ]
      ]
    ],
    "emd": [
      0.21642174469778902,
      0.23921676060117042,
      0.2365340906356092
    ],
    "macroEMD": 0.2307241986448562,
    "tail_recall0": [
      0.22391304347826085,
      0.2222222222222222,
      0.125
    ],
    "tail_recall0_average": 0.19037842190016105
  },
  "extra": {
    "static_stats": {
      "static/train/lambda": {
        "mean": 1.0,
        "min": 1.0,
        "max": 1.0
      },
      "static/val/lambda": {
        "mean": 1.0,
        "min": 1.0,
        "max": 1.0
      },
      "static/all/lambda": {
        "mean": 1.0,
        "min": 1.0,
        "max": 1.0
      }
    }
  }
}