{
  "val": {
    "loss": 12.077906864013167,
    "qwk": [
      0.2676655817267878,
      0.361642765470677,
      0.3166350552270445
    ],
    "qwk_average": 0.31531446747483644,
    "cm": [
      [
        [
          1,
          0,
          1,
          3,
          2
        ],
        [
          15,
          15,
          42,
          17,
          9
        ],
        [
          5,
          15,
          56,
          60,
          19
        ],
        [
          0,
          1,
          9,
          40,
          9
        ],
        [
          0,
          0,
          0,
          6,
          0
        ]
      ],
      [
        [
          2,
          5,
          1,
          6,
          0
        ],
        [
          7,
          35,
          17,
          22,
          1
        ],
        [
          3,
          22,
          43,
          94,
          4
        ],
        [
          0,
          3,
          7,
          48,
          3
        ],
        [
          0,
          0,
          0,
          2,
          0
        ]
      ],
      [
        [
          0,
          2,
          1,
          2,
          0
        ],
        [
          0,
          48,
          41,
          15,
          0
        ],
        [
          0,
          49,
          74,
          57,
          0
        ],
        [
          0,
          1,
          10,
          25,
          0
        ],
        [
          0,
          0,
          0,
          0,
          0
        ]
      ]
    ],
    "emd": [
      0.3048120025592106,
      0.29437033789475814,
      0.277407810532744
    ],
    "macroEMD": 0.29219671699557087,
    "tail_recall0": [
      0.07142857142857142,
      0.07142857142857142,
      0.0
    ],
    "tail_recall0_average": 0.047619047619047616
  },
  "extra": {
    "static_stats": {
      "static/train/lambda": {
        "mean": 1.0,
        "min": 1.0,
        "max": 1.0
      },
      "static/train/rho": {
        "mean": [
          0.0,
          0.0,
          0.0
        ],
        "min": [
          0.0,
          0.0,
          0.0
        ],
        "max": [
          0.0,
          0.0,
          0.0
        ]
      },
      "static/val/lambda": {
        "mean": 1.0,
        "min": 1.0,
        "max": 1.0
      },
      "static/val/rho": {
        "mean": [
          0.0,
          0.0,
          0.0
        ],
        "min": [
          0.0,
          0.0,
          0.0
        ],
        "max": [
          0.0,
          0.0,
          0.0
        ]
      },
      "static/all/lambda": {
        "mean": 1.0,
        "min": 1.0,
        "max": 1.0
      },
      "static/all/rho": {
        "mean": [
          0.0,
          0.0,
          0.0
        ],
        "min": [
          0.0,
          0.0,
          0.0
        ],
        "max": [
          0.0,
          0.0,
          0.0
        ]
      }
    }
  }
}