{
  "val": {
    "loss": 1.0457064864122154,
    "qwk": [
      0.6518273463752637,
      0.5423233406283507,
      0.5587951938632687
    ],
    "qwk_average": 0.5843152936222944,
    "cm": [
      [
        [
          0,
          8,
          0,
          1,
          0
        ],
        [
          0,
          24,
          27,
          4,
          0
        ],
        [
          0,
          8,
          85,
          28,
          5
        ],
        [
          0,
          0,
          26,
          86,
          4
        ],
        [
          0,
          0,
          1,
          13,
          8
        ]
      ],
      [
        [
          0,
          5,
          4,
          1,
          0
        ],
        [
          0,
          17,
          29,
          7,
          0
        ],
        [
          0,
          10,
          76,
          31,
          2
        ],
        [
          0,
          1,
          27,
          103,
          3
        ],
        [
          0,
          0,
          3,
          8,
          1
        ]
      ],
      [
        [
          0,
          5,
          0,
          0,
          0
        ],
        [
          0,
          23,
          44,
          2,
          0
        ],
        [
          0,
          21,
          105,
          25,
          0
        ],
        [
          0,
          3,
          32,
          67,
          0
        ],
        [
          0,
          0,
          0,
          1,
          0
        ]
      ]
    ],
    "emd": [
      0.17753161183974744,
      0.20422687130338862,
      0.18187536044961033
    ],
    "macroEMD": 0.1878779478642488,
    "tail_recall0": [
      0.18181818181818182,
      0.041666666666666664,
      0.0
    ],
    "tail_recall0_average": 0.07449494949494949
  },
  "extra": {
    "static_stats": {
      "static/train/lambda": {
        "mean": [
          1.0,
          1.0,
          1.0
        ],
        "min": [
          1.0,
          1.0,
          1.0
        ],
        "max": [
          1.0,
          1.0,
          1.0
        ]
      },
      "static/val/lambda": {
        "mean": [
          1.0,
          1.0,
          1.0
        ],
        "min": [
          1.0,
          1.0,
          1.0
        ],
        "max": [
          1.0,
          1.0,
          1.0
        ]
      },
      "static/all/lambda": {
        "mean": [
          1.0,
          1.0,
          1.0
        ],
        "min": [
          1.0,
          1.0,
          1.0
        ],
        "max": [
          1.0,
          1.0,
          1.0
        ]
      }
    }
  }
}