{
  "val": {
    "loss": 10.501391874413967,
    "qwk": [
      0.5129020855425945,
      0.4680181314530346,
      0.4449188727583262
    ],
    "qwk_average": 0.47527969658465175,
    "cm": [
      [
        [
          1,
          6,
          1,
          0,
          0
        ],
        [
          1,
          9,
          21,
          9,
          0
        ],
        [
          1,
          15,
          59,
          51,
          2
        ],
        [
          0,
          2,
          25,
          93,
          2
        ],
        [
          0,
          0,
          2,
          23,
          2
        ]
      ],
      [
        [
          1,
          3,
          2,
          0,
          0
        ],
        [
          1,
          11,
          24,
          12,
          0
        ],
        [
          2,
          9,
          48,
          54,
          0
        ],
        [
          0,
          3,
          30,
          114,
          1
        ],
        [
          0,
          0,
          0,
          10,
          0
        ]
      ],
      [
        [
          0,
          1,
          0,
          0,
          0
        ],
        [
          0,
          26,
          31,
          14,
          0
        ],
        [
          0,
          16,
          79,
          56,
          0
        ],
        [
          0,
          4,
          21,
          74,
          0
        ],
        [
          0,
          0,
          0,
          3,
          0
        ]
      ]
    ],
    "emd": [
      0.3721523526876839,
      0.3744192869920373,
      0.3673087403682097
    ],
    "macroEMD": 0.37129346001597696,
    "tail_recall0": [
      0.09953703703703703,
      0.08333333333333333,
      0.0
    ],
    "tail_recall0_average": 0.06095679012345678
  },
  "extra": {
    "static_stats": {
      "static/train/lambda": {
        "mean": 1.0,
        "min": 1.0,
        "max": 1.0
      },
      "static/train/rho": {
        "mean": [
          0.0,
          0.0,
          0.0
        ],
        "min": [
          0.0,
          0.0,
          0.0
        ],
        "max": [
          0.0,
          0.0,
          0.0
        ]
      },
      "static/val/lambda": {
        "mean": 1.0,
        "min": 1.0,
        "max": 1.0
      },
      "static/val/rho": {
        "mean": [
          0.0,
          0.0,
          0.0
        ],
        "min": [
          0.0,
          0.0,
          0.0
        ],
        "max": [
          0.0,
          0.0,
          0.0
        ]
      },
      "static/all/lambda": {
        "mean": 1.0,
        "min": 1.0,
        "max": 1.0
      },
      "static/all/rho": {
        "mean": [
          0.0,
          0.0,
          0.0
        ],
        "min": [
          0.0,
          0.0,
          0.0
        ],
        "max": [
          0.0,
          0.0,
          0.0
        ]
      }
    }
  }
}