{
  "val": {
    "loss": 10.486669502467798,
    "qwk": [
      0.5892455530566347,
      0.4860351406642195,
      0.5542450499126939
    ],
    "qwk_average": 0.5431752478778494,
    "cm": [
      [
        [
          0,
          5,
          3,
          1,
          0
        ],
        [
          0,
          20,
          25,
          9,
          0
        ],
        [
          0,
          8,
          86,
          29,
          3
        ],
        [
          1,
          0,
          27,
          78,
          10
        ],
        [
          0,
          0,
          0,
          14,
          9
        ]
      ],
      [
        [
          0,
          3,
          5,
          1,
          0
        ],
        [
          0,
          13,
          30,
          9,
          0
        ],
        [
          2,
          10,
          70,
          39,
          1
        ],
        [
          0,
          4,
          25,
          99,
          5
        ],
        [
          0,
          0,
          0,
          11,
          1
        ]
      ],
      [
        [
          0,
          3,
          2,
          0,
          0
        ],
        [
          0,
          24,
          35,
          9,
          0
        ],
        [
          0,
          25,
          92,
          35,
          0
        ],
        [
          0,
          0,
          19,
          80,
          2
        ],
        [
          0,
          0,
          0,
          2,
          0
        ]
      ]
    ],
    "emd": [
      0.3688274944932594,
      0.37297436057821337,
      0.3674044575752765
    ],
    "macroEMD": 0.3697354375489164,
    "tail_recall0": [
      0.1956521739130435,
      0.041666666666666664,
      0.0
    ],
    "tail_recall0_average": 0.07910628019323672
  },
  "extra": {
    "static_stats": {
      "static/train/lambda": {
        "mean": 1.0,
        "min": 1.0,
        "max": 1.0
      },
      "static/train/rho": {
        "mean": [
          0.0,
          0.0,
          0.0
        ],
        "min": [
          0.0,
          0.0,
          0.0
        ],
        "max": [
          0.0,
          0.0,
          0.0
        ]
      },
      "static/val/lambda": {
        "mean": 1.0,
        "min": 1.0,
        "max": 1.0
      },
      "static/val/rho": {
        "mean": [
          0.0,
          0.0,
          0.0
        ],
        "min": [
          0.0,
          0.0,
          0.0
        ],
        "max": [
          0.0,
          0.0,
          0.0
        ]
      },
      "static/all/lambda": {
        "mean": 1.0,
        "min": 1.0,
        "max": 1.0
      },
      "static/all/rho": {
        "mean": [
          0.0,
          0.0,
          0.0
        ],
        "min": [
          0.0,
          0.0,
          0.0
        ],
        "max": [
          0.0,
          0.0,
          0.0
        ]
      }
    }
  }
}