{
  "val": {
    "loss": 6.266143004284977,
    "qwk": [
      0.5022510140706953,
      0.4134811788736503,
      0.40204828090709577
    ],
    "qwk_average": 0.43926015795048046,
    "cm": [
      [
        [
          0,
          1,
          8,
          1,
          0
        ],
        [
          0,
          8,
          28,
          5,
          0
        ],
        [
          0,
          7,
          67,
          47,
          1
        ],
        [
          0,
          0,
          32,
          106,
          3
        ],
        [
          0,
          0,
          0,
          17,
          4
        ]
      ],
      [
        [
          0,
          4,
          5,
          4,
          0
        ],
        [
          0,
          8,
          20,
          11,
          0
        ],
        [
          0,
          9,
          49,
          45,
          1
        ],
        [
          0,
          2,
          32,
          129,
          0
        ],
        [
          0,
          0,
          1,
          14,
          1
        ]
      ],
      [
        [
          0,
          2,
          10,
          0,
          0
        ],
        [
          0,
          3,
          48,
          1,
          0
        ],
        [
          0,
          8,
          128,
          22,
          0
        ],
        [
          0,
          1,
          51,
          57,
          1
        ],
        [
          0,
          0,
          0,
          3,
          0
        ]
      ]
    ],
    "emd": [
      0.24846740936016426,
      0.2798528047978418,
      0.27052480040016214
    ],
    "macroEMD": 0.2662816715193894,
    "tail_recall0": [
      0.09523809523809523,
      0.03125,
      0.0
    ],
    "tail_recall0_average": 0.04216269841269841
  },
  "extra": {
    "static_stats": {
      "static/train/lambda": {
        "mean": 1.0,
        "min": 1.0,
        "max": 1.0
      },
      "static/val/lambda": {
        "mean": 1.0,
        "min": 1.0,
        "max": 1.0
      },
      "static/all/lambda": {
        "mean": 1.0,
        "min": 1.0,
        "max": 1.0
      }
    }
  }
}