{
  "val": {
    "loss": 1.967692712258232,
    "qwk": [
      0.1720347574221578,
      0.35380247237146734,
      0.31272727272727274
    ],
    "qwk_average": 0.2795215008402993,
    "cm": [
      [
        [
          0,
          3,
          1,
          0,
          0
        ],
        [
          0,
          2,
          12,
          1,
          0
        ],
        [
          0,
          5,
          58,
          14,
          1
        ],
        [
          0,
          1,
          101,
          56,
          4
        ],
        [
          0,
          2,
          40,
          21,
          1
        ]
      ],
      [
        [
          1,
          4,
          1,
          0,
          0
        ],
        [
          0,
          5,
          11,
          0,
          0
        ],
        [
          0,
          6,
          46,
          14,
          0
        ],
        [
          0,
          1,
          111,
          93,
          0
        ],
        [
          0,
          0,
          15,
          15,
          0
        ]
      ],
      [
        [
          0,
          1,
          0,
          0,
          0
        ],
        [
          1,
          12,
          16,
          0,
          0
        ],
        [
          0,
          7,
          99,
          5,
          0
        ],
        [
          0,
          5,
          138,
          38,
          0
        ],
        [
          0,
          0,
          0,
          1,
          0
        ]
      ]
    ],
    "emd": [
      0.242240100142046,
      0.23159721085415658,
      0.23153028990067845
    ],
    "macroEMD": 0.23512253363229366,
    "tail_recall0": [
      0.0078125,
      0.08333333333333333,
      0.0
    ],
    "tail_recall0_average": 0.030381944444444444
  },
  "extra": {
    "static_stats": {
      "static/train/lambda": {
        "mean": [
          1.0,
          1.0,
          1.0
        ],
        "min": [
          1.0,
          1.0,
          1.0
        ],
        "max": [
          1.0,
          1.0,
          1.0
        ]
      },
      "static/train/rho": {
        "mean": [
          0.0,
          0.0,
          0.0
        ],
        "min": [
          0.0,
          0.0,
          0.0
        ],
        "max": [
          0.0,
          0.0,
          0.0
        ]
      },
      "static/val/lambda": {
        "mean": [
          1.0,
          1.0,
          1.0
        ],
        "min": [
          1.0,
          1.0,
          1.0
        ],
        "max": [
          1.0,
          1.0,
          1.0
        ]
      },
      "static/val/rho": {
        "mean": [
          0.0,
          0.0,
          0.0
        ],
        "min": [
          0.0,
          0.0,
          0.0
        ],
        "max": [
          0.0,
          0.0,
          0.0
        ]
      },
      "static/all/lambda": {
        "mean": [
          1.0,
          1.0,
          1.0
        ],
        "min": [
          1.0,
          1.0,
          1.0
        ],
        "max": [
          1.0,
          1.0,
          1.0
        ]
      },
      "static/all/rho": {
        "mean": [
          0.0,
          0.0,
          0.0
        ],
        "min": [
          0.0,
          0.0,
          0.0
        ],
        "max": [
          0.0,
          0.0,
          0.0
        ]
      }
    }
  }
}