{
  "val": {
    "loss": 1.4002017423977446,
    "qwk": [
      0.6315127237244177,
      0.5544118915499843,
      0.6122337892086821
    ],
    "qwk_average": 0.5993861348276946,
    "cm": [
      [
        [
          2,
          2,
          4,
          1,
          0
        ],
        [
          3,
          15,
          33,
          3,
          0
        ],
        [
          1,
          7,
          80,
          36,
          2
        ],
        [
          0,
          0,
          26,
          85,
          5
        ],
        [
          0,
          0,
          0,
          14,
          9
        ]
      ],
      [
        [
          0,
          5,
          1,
          3,
          0
        ],
        [
          0,
          19,
          27,
          6,
          0
        ],
        [
          0,
          19,
          65,
          38,
          0
        ],
        [
          0,
          1,
          24,
          105,
          3
        ],
        [
          0,
          0,
          1,
          10,
          1
        ]
      ],
      [
        [
          0,
          4,
          1,
          0,
          0
        ],
        [
          1,
          24,
          40,
          3,
          0
        ],
        [
          0,
          22,
          99,
          31,
          0
        ],
        [
          0,
          1,
          19,
          81,
          0
        ],
        [
          0,
          0,
          0,
          2,
          0
        ]
      ]
    ],
    "emd": [
      0.28289058954375007,
      0.2922981031431914,
      0.2810262080292491
    ],
    "macroEMD": 0.28540496690539685,
    "tail_recall0": [
      0.3067632850241546,
      0.041666666666666664,
      0.0
    ],
    "tail_recall0_average": 0.11614331723027377
  },
  "extra": {
    "static_stats": {
      "static/train/lambda": {
        "mean": [
          1.0,
          1.0,
          1.0
        ],
        "min": [
          1.0,
          1.0,
          1.0
        ],
        "max": [
          1.0,
          1.0,
          1.0
        ]
      },
      "static/train/rho": {
        "mean": [
          0.0,
          0.0,
          0.0
        ],
        "min": [
          0.0,
          0.0,
          0.0
        ],
        "max": [
          0.0,
          0.0,
          0.0
        ]
      },
      "static/val/lambda": {
        "mean": [
          1.0,
          1.0,
          1.0
        ],
        "min": [
          1.0,
          1.0,
          1.0
        ],
        "max": [
          1.0,
          1.0,
          1.0
        ]
      },
      "static/val/rho": {
        "mean": [
          0.0,
          0.0,
          0.0
        ],
        "min": [
          0.0,
          0.0,
          0.0
        ],
        "max": [
          0.0,
          0.0,
          0.0
        ]
      },
      "static/all/lambda": {
        "mean": [
          1.0,
          1.0,
          1.0
        ],
        "min": [
          1.0,
          1.0,
          1.0
        ],
        "max": [
          1.0,
          1.0,
          1.0
        ]
      },
      "static/all/rho": {
        "mean": [
          0.0,
          0.0,
          0.0
        ],
        "min": [
          0.0,
          0.0,
          0.0
        ],
        "max": [
          0.0,
          0.0,
          0.0
        ]
      }
    }
  }
}