{
  "val": {
    "loss": 12.74822814628745,
    "qwk": [
      0.3698862033292579,
      0.40621108913791837,
      0.28126555922690455
    ],
    "qwk_average": 0.35245428389802697,
    "cm": [
      [
        [
          1,
          2,
          11,
          1,
          0
        ],
        [
          1,
          10,
          61,
          10,
          0
        ],
        [
          0,
          3,
          100,
          50,
          2
        ],
        [
          0,
          0,
          25,
          38,
          10
        ],
        [
          0,
          0,
          6,
          3,
          1
        ]
      ],
      [
        [
          0,
          3,
          5,
          1,
          0
        ],
        [
          0,
          15,
          45,
          16,
          0
        ],
        [
          0,
          12,
          83,
          69,
          0
        ],
        [
          0,
          0,
          11,
          69,
          0
        ],
        [
          0,
          0,
          1,
          5,
          0
        ]
      ],
      [
        [
          0,
          1,
          3,
          0,
          0
        ],
        [
          0,
          8,
          64,
          20,
          0
        ],
        [
          0,
          9,
          112,
          45,
          0
        ],
        [
          0,
          0,
          25,
          47,
          0
        ],
        [
          0,
          0,
          0,
          1,
          0
        ]
      ]
    ],
    "emd": [
      0.3779819240458756,
      0.3752153404834485,
      0.369692803494594
    ],
    "macroEMD": 0.374296689341306,
    "tail_recall0": [
      0.08333333333333334,
      0.0,
      0.0
    ],
    "tail_recall0_average": 0.02777777777777778
  },
  "extra": {
    "static_stats": {
      "static/train/lambda": {
        "mean": 1.0,
        "min": 1.0,
        "max": 1.0
      },
      "static/train/rho": {
        "mean": [
          0.0,
          0.0,
          0.0
        ],
        "min": [
          0.0,
          0.0,
          0.0
        ],
        "max": [
          0.0,
          0.0,
          0.0
        ]
      },
      "static/val/lambda": {
        "mean": 1.0,
        "min": 1.0,
        "max": 1.0
      },
      "static/val/rho": {
        "mean": [
          0.0,
          0.0,
          0.0
        ],
        "min": [
          0.0,
          0.0,
          0.0
        ],
        "max": [
          0.0,
          0.0,
          0.0
        ]
      },
      "static/all/lambda": {
        "mean": 1.0,
        "min": 1.0,
        "max": 1.0
      },
      "static/all/rho": {
        "mean": [
          0.0,
          0.0,
          0.0
        ],
        "min": [
          0.0,
          0.0,
          0.0
        ],
        "max": [
          0.0,
          0.0,
          0.0
        ]
      }
    }
  }
}