{
  "val": {
    "loss": 1.130854930202179,
    "qwk": [
      0.5868278311627522,
      0.4941649242997168,
      0.612928797924474
    ],
    "qwk_average": 0.5646405177956476,
    "cm": [
      [
        [
          0,
          5,
          2,
          2,
          0
        ],
        [
          0,
          15,
          35,
          4,
          0
        ],
        [
          0,
          6,
          86,
          33,
          1
        ],
        [
          0,
          0,
          34,
          74,
          8
        ],
        [
          0,
          0,
          0,
          16,
          7
        ]
      ],
      [
        [
          0,
          6,
          0,
          3,
          0
        ],
        [
          0,
          15,
          28,
          9,
          0
        ],
        [
          0,
          11,
          65,
          46,
          0
        ],
        [
          0,
          4,
          24,
          103,
          2
        ],
        [
          0,
          0,
          0,
          12,
          0
        ]
      ],
      [
        [
          0,
          3,
          2,
          0,
          0
        ],
        [
          0,
          25,
          42,
          1,
          0
        ],
        [
          0,
          20,
          109,
          23,
          0
        ],
        [
          0,
          1,
          25,
          75,
          0
        ],
        [
          0,
          0,
          0,
          2,
          0
        ]
      ]
    ],
    "emd": [
      0.2921161949861192,
      0.29284379561353713,
      0.27996434486116156
    ],
    "macroEMD": 0.2883081118202726,
    "tail_recall0": [
      0.15217391304347827,
      0.0,
      0.0
    ],
    "tail_recall0_average": 0.050724637681159424
  },
  "extra": {
    "static_stats": {
      "static/train/lambda": {
        "mean": [
          1.0,
          1.0,
          1.0
        ],
        "min": [
          1.0,
          1.0,
          1.0
        ],
        "max": [
          1.0,
          1.0,
          1.0
        ]
      },
      "static/train/rho": {
        "mean": [
          0.0,
          0.0,
          0.0
        ],
        "min": [
          0.0,
          0.0,
          0.0
        ],
        "max": [
          0.0,
          0.0,
          0.0
        ]
      },
      "static/val/lambda": {
        "mean": [
          1.0,
          1.0,
          1.0
        ],
        "min": [
          1.0,
          1.0,
          1.0
        ],
        "max": [
          1.0,
          1.0,
          1.0
        ]
      },
      "static/val/rho": {
        "mean": [
          0.0,
          0.0,
          0.0
        ],
        "min": [
          0.0,
          0.0,
          0.0
        ],
        "max": [
          0.0,
          0.0,
          0.0
        ]
      },
      "static/all/lambda": {
        "mean": [
          1.0,
          1.0,
          1.0
        ],
        "min": [
          1.0,
          1.0,
          1.0
        ],
        "max": [
          1.0,
          1.0,
          1.0
        ]
      },
      "static/all/rho": {
        "mean": [
          0.0,
          0.0,
          0.0
        ],
        "min": [
          0.0,
          0.0,
          0.0
        ],
        "max": [
          0.0,
          0.0,
          0.0
        ]
      }
    }
  }
}