{
  "val": {
    "loss": 1.640073761915073,
    "qwk": [
      0.29622149379789287,
      0.26146933402020534,
      0.25142857142857145
    ],
    "qwk_average": 0.26970646641555657,
    "cm": [
      [
        [
          2,
          0,
          0,
          5,
          0
        ],
        [
          13,
          16,
          36,
          28,
          5
        ],
        [
          6,
          11,
          53,
          81,
          4
        ],
        [
          0,
          1,
          8,
          48,
          2
        ],
        [
          0,
          0,
          0,
          4,
          2
        ]
      ],
      [
        [
          0,
          5,
          0,
          9,
          0
        ],
        [
          3,
          30,
          16,
          32,
          1
        ],
        [
          0,
          31,
          32,
          100,
          3
        ],
        [
          0,
          1,
          7,
          53,
          0
        ],
        [
          0,
          0,
          0,
          1,
          1
        ]
      ],
      [
        [
          0,
          2,
          2,
          1,
          0
        ],
        [
          0,
          29,
          52,
          23,
          0
        ],
        [
          0,
          27,
          93,
          60,
          0
        ],
        [
          0,
          0,
          12,
          24,
          0
        ],
        [
          0,
          0,
          0,
          0,
          0
        ]
      ]
    ],
    "emd": [
      0.3170376361426732,
      0.31800384902449685,
      0.28502174601179414
    ],
    "macroEMD": 0.3066877437263214,
    "tail_recall0": [
      0.30952380952380953,
      0.25,
      0.0
    ],
    "tail_recall0_average": 0.1865079365079365
  },
  "extra": {
    "static_stats": {
      "static/train/lambda": {
        "mean": [
          1.0,
          1.0,
          1.0
        ],
        "min": [
          1.0,
          1.0,
          1.0
        ],
        "max": [
          1.0,
          1.0,
          1.0
        ]
      },
      "static/train/rho": {
        "mean": [
          0.0,
          0.0,
          0.0
        ],
        "min": [
          0.0,
          0.0,
          0.0
        ],
        "max": [
          0.0,
          0.0,
          0.0
        ]
      },
      "static/val/lambda": {
        "mean": [
          1.0,
          1.0,
          1.0
        ],
        "min": [
          1.0,
          1.0,
          1.0
        ],
        "max": [
          1.0,
          1.0,
          1.0
        ]
      },
      "static/val/rho": {
        "mean": [
          0.0,
          0.0,
          0.0
        ],
        "min": [
          0.0,
          0.0,
          0.0
        ],
        "max": [
          0.0,
          0.0,
          0.0
        ]
      },
      "static/all/lambda": {
        "mean": [
          1.0,
          1.0,
          1.0
        ],
        "min": [
          1.0,
          1.0,
          1.0
        ],
        "max": [
          1.0,
          1.0,
          1.0
        ]
      },
      "static/all/rho": {
        "mean": [
          0.0,
          0.0,
          0.0
        ],
        "min": [
          0.0,
          0.0,
          0.0
        ],
        "max": [
          0.0,
          0.0,
          0.0
        ]
      }
    }
  }
}