{
  "val": {
    "loss": 1.2322143493615356,
    "qwk": [
      0.6143366850470321,
      0.5214202774552343,
      0.6035975267003935
    ],
    "qwk_average": 0.57978482973422,
    "cm": [
      [
        [
          0,
          6,
          1,
          2,
          0
        ],
        [
          0,
          14,
          37,
          3,
          0
        ],
        [
          0,
          8,
          85,
          30,
          3
        ],
        [
          0,
          0,
          26,
          84,
          6
        ],
        [
          0,
          0,
          0,
          15,
          8
        ]
      ],
      [
        [
          0,
          5,
          1,
          3,
          0
        ],
        [
          0,
          15,
          30,
          7,
          0
        ],
        [
          0,
          10,
          78,
          33,
          1
        ],
        [
          0,
          2,
          29,
          102,
          0
        ],
        [
          0,
          0,
          1,
          9,
          2
        ]
      ],
      [
        [
          0,
          3,
          2,
          0,
          0
        ],
        [
          0,
          24,
          43,
          1,
          0
        ],
        [
          0,
          17,
          119,
          16,
          0
        ],
        [
          0,
          0,
          29,
          71,
          1
        ],
        [
          0,
          0,
          2,
          0,
          0
        ]
      ]
    ],
    "emd": [
      0.1984335275914478,
      0.2158511301927369,
      0.22651926854231527
    ],
    "macroEMD": 0.2136013087755,
    "tail_recall0": [
      0.17391304347826086,
      0.08333333333333333,
      0.0
    ],
    "tail_recall0_average": 0.0857487922705314
  },
  "extra": {
    "static_stats": {
      "static/train/lambda": {
        "mean": [
          1.0,
          1.0,
          1.0
        ],
        "min": [
          1.0,
          1.0,
          1.0
        ],
        "max": [
          1.0,
          1.0,
          1.0
        ]
      },
      "static/train/rho": {
        "mean": [
          0.0,
          0.0,
          0.0
        ],
        "min": [
          0.0,
          0.0,
          0.0
        ],
        "max": [
          0.0,
          0.0,
          0.0
        ]
      },
      "static/val/lambda": {
        "mean": [
          1.0,
          1.0,
          1.0
        ],
        "min": [
          1.0,
          1.0,
          1.0
        ],
        "max": [
          1.0,
          1.0,
          1.0
        ]
      },
      "static/val/rho": {
        "mean": [
          0.0,
          0.0,
          0.0
        ],
        "min": [
          0.0,
          0.0,
          0.0
        ],
        "max": [
          0.0,
          0.0,
          0.0
        ]
      },
      "static/all/lambda": {
        "mean": [
          1.0,
          1.0,
          1.0
        ],
        "min": [
          1.0,
          1.0,
          1.0
        ],
        "max": [
          1.0,
          1.0,
          1.0
        ]
      },
      "static/all/rho": {
        "mean": [
          0.0,
          0.0,
          0.0
        ],
        "min": [
          0.0,
          0.0,
          0.0
        ],
        "max": [
          0.0,
          0.0,
          0.0
        ]
      }
    }
  }
}