{
  "val": {
    "loss": 2.177663293019989,
    "qwk": [
      0.6133035492678085,
      0.5682559118389836,
      0.6386856916642283
    ],
    "qwk_average": 0.6067483842570068,
    "cm": [
      [
        [
          0,
          4,
          4,
          1,
          0
        ],
        [
          0,
          16,
          35,
          3,
          0
        ],
        [
          0,
          6,
          94,
          22,
          4
        ],
        [
          0,
          0,
          31,
          80,
          5
        ],
        [
          0,
          0,
          0,
          15,
          8
        ]
      ],
      [
        [
          0,
          6,
          2,
          1,
          0
        ],
        [
          0,
          9,
          39,
          4,
          0
        ],
        [
          0,
          9,
          80,
          32,
          1
        ],
        [
          0,
          1,
          29,
          99,
          4
        ],
        [
          0,
          0,
          1,
          8,
          3
        ]
      ],
      [
        [
          0,
          4,
          1,
          0,
          0
        ],
        [
          0,
          31,
          35,
          2,
          0
        ],
        [
          0,
          22,
          106,
          24,
          0
        ],
        [
          0,
          0,
          27,
          72,
          2
        ],
        [
          0,
          0,
          0,
          2,
          0
        ]
      ]
    ],
    "emd": [
      0.18557136371572874,
      0.19079159704851711,
      0.17114906198483534
    ],
    "macroEMD": 0.18250400758302707,
    "tail_recall0": [
      0.17391304347826086,
      0.125,
      0.0
    ],
    "tail_recall0_average": 0.09963768115942029
  },
  "extra": {
    "static_stats": {}
  }
}