{
  "val": {
    "loss": 10.740834075742473,
    "qwk": [
      0.39560878509277075,
      0.3954743880614895,
      0.32652453401504056
    ],
    "qwk_average": 0.37253590238976697,
    "cm": [
      [
        [
          2,
          3,
          9,
          1,
          0
        ],
        [
          0,
          9,
          65,
          7,
          1
        ],
        [
          0,
          1,
          96,
          56,
          2
        ],
        [
          0,
          0,
          21,
          44,
          8
        ],
        [
          0,
          0,
          6,
          3,
          1
        ]
      ],
      [
        [
          0,
          2,
          6,
          1,
          0
        ],
        [
          0,
          12,
          48,
          16,
          0
        ],
        [
          0,
          7,
          89,
          68,
          0
        ],
        [
          0,
          0,
          10,
          70,
          0
        ],
        [
          0,
          0,
          1,
          5,
          0
        ]
      ],
      [
        [
          0,
          2,
          2,
          0,
          0
        ],
        [
          0,
          15,
          56,
          21,
          0
        ],
        [
          0,
          18,
          98,
          50,
          0
        ],
        [
          0,
          2,
          16,
          54,
          0
        ],
        [
          0,
          0,
          0,
          1,
          0
        ]
      ]
    ],
    "emd": [
      0.3788060202546502,
      0.3746324415607781,
      0.36892316467000535
    ],
    "macroEMD": 0.37412054216181123,
    "tail_recall0": [
      0.11666666666666667,
      0.0,
      0.0
    ],
    "tail_recall0_average": 0.03888888888888889
  },
  "extra": {
    "static_stats": {
      "static/train/lambda": {
        "mean": 1.0,
        "min": 1.0,
        "max": 1.0
      },
      "static/train/rho": {
        "mean": [
          0.0,
          0.0,
          0.0
        ],
        "min": [
          0.0,
          0.0,
          0.0
        ],
        "max": [
          0.0,
          0.0,
          0.0
        ]
      },
      "static/val/lambda": {
        "mean": 1.0,
        "min": 1.0,
        "max": 1.0
      },
      "static/val/rho": {
        "mean": [
          0.0,
          0.0,
          0.0
        ],
        "min": [
          0.0,
          0.0,
          0.0
        ],
        "max": [
          0.0,
          0.0,
          0.0
        ]
      },
      "static/all/lambda": {
        "mean": 1.0,
        "min": 1.0,
        "max": 1.0
      },
      "static/all/rho": {
        "mean": [
          0.0,
          0.0,
          0.0
        ],
        "min": [
          0.0,
          0.0,
          0.0
        ],
        "max": [
          0.0,
          0.0,
          0.0
        ]
      }
    }
  }
}