{
  "val": {
    "loss": 8.204727234646894,
    "qwk": [
      0.28806937512702957,
      0.32496333762308083,
      0.3234604730449605
    ],
    "qwk_average": 0.31216439526502365,
    "cm": [
      [
        [
          1,
          0,
          1,
          3,
          2
        ],
        [
          12,
          17,
          45,
          20,
          4
        ],
        [
          5,
          10,
          69,
          62,
          9
        ],
        [
          0,
          1,
          12,
          43,
          3
        ],
        [
          0,
          0,
          0,
          5,
          1
        ]
      ],
      [
        [
          2,
          4,
          3,
          5,
          0
        ],
        [
          10,
          20,
          30,
          21,
          1
        ],
        [
          5,
          19,
          66,
          74,
          2
        ],
        [
          0,
          4,
          12,
          42,
          3
        ],
        [
          0,
          0,
          0,
          1,
          1
        ]
      ],
      [
        [
          0,
          2,
          2,
          1,
          0
        ],
        [
          1,
          46,
          34,
          23,
          0
        ],
        [
          0,
          36,
          81,
          63,
          0
        ],
        [
          0,
          0,
          9,
          27,
          0
        ],
        [
          0,
          0,
          0,
          0,
          0
        ]
      ]
    ],
    "emd": [
      0.29248901821227574,
      0.2778767298348147,
      0.2751115411333828
    ],
    "macroEMD": 0.2818257630601578,
    "tail_recall0": [
      0.15476190476190477,
      0.3214285714285714,
      0.0
    ],
    "tail_recall0_average": 0.15873015873015872
  },
  "extra": {
    "static_stats": {
      "static/train/lambda": {
        "mean": 1.0,
        "min": 1.0,
        "max": 1.0
      },
      "static/val/lambda": {
        "mean": 1.0,
        "min": 1.0,
        "max": 1.0
      },
      "static/all/lambda": {
        "mean": 1.0,
        "min": 1.0,
        "max": 1.0
      }
    }
  }
}