{
  "val": {
    "loss": 11.638381466147745,
    "qwk": [
      0.6228080416559647,
      0.5918310910775272,
      0.6042919553256438
    ],
    "qwk_average": 0.6063103626863785,
    "cm": [
      [
        [
          2,
          4,
          3,
          0,
          0
        ],
        [
          2,
          18,
          30,
          5,
          0
        ],
        [
          2,
          15,
          79,
          26,
          4
        ],
        [
          0,
          4,
          18,
          82,
          12
        ],
        [
          0,
          0,
          2,
          10,
          10
        ]
      ],
      [
        [
          0,
          6,
          3,
          1,
          0
        ],
        [
          2,
          18,
          24,
          9,
          0
        ],
        [
          0,
          12,
          71,
          35,
          1
        ],
        [
          0,
          2,
          16,
          113,
          3
        ],
        [
          0,
          0,
          1,
          9,
          2
        ]
      ],
      [
        [
          0,
          5,
          0,
          0,
          0
        ],
        [
          0,
          32,
          36,
          1,
          0
        ],
        [
          0,
          19,
          109,
          23,
          0
        ],
        [
          0,
          1,
          40,
          61,
          0
        ],
        [
          0,
          0,
          0,
          1,
          0
        ]
      ]
    ],
    "emd": [
      0.3635003205388243,
      0.36914789338875065,
      0.3626446716938877
    ],
    "macroEMD": 0.3650976285404875,
    "tail_recall0": [
      0.33838383838383834,
      0.08333333333333333,
      0.0
    ],
    "tail_recall0_average": 0.14057239057239054
  },
  "extra": {
    "static_stats": {
      "static/train/lambda": {
        "mean": 1.0,
        "min": 1.0,
        "max": 1.0
      },
      "static/train/rho": {
        "mean": [
          0.0,
          0.0,
          0.0
        ],
        "min": [
          0.0,
          0.0,
          0.0
        ],
        "max": [
          0.0,
          0.0,
          0.0
        ]
      },
      "static/val/lambda": {
        "mean": 1.0,
        "min": 1.0,
        "max": 1.0
      },
      "static/val/rho": {
        "mean": [
          0.0,
          0.0,
          0.0
        ],
        "min": [
          0.0,
          0.0,
          0.0
        ],
        "max": [
          0.0,
          0.0,
          0.0
        ]
      },
      "static/all/lambda": {
        "mean": 1.0,
        "min": 1.0,
        "max": 1.0
      },
      "static/all/rho": {
        "mean": [
          0.0,
          0.0,
          0.0
        ],
        "min": [
          0.0,
          0.0,
          0.0
        ],
        "max": [
          0.0,
          0.0,
          0.0
        ]
      }
    }
  }
}