{
  "val": {
    "loss": 3.1541882049939396,
    "qwk": [
      0.2651526064925873,
      0.2866102226403261,
      0.26088248402911907
    ],
    "qwk_average": 0.27088177105401084,
    "cm": [
      [
        [
          0,
          2,
          0,
          4,
          1
        ],
        [
          4,
          27,
          35,
          32,
          0
        ],
        [
          2,
          16,
          59,
          75,
          3
        ],
        [
          0,
          1,
          15,
          41,
          2
        ],
        [
          0,
          0,
          1,
          4,
          1
        ]
      ],
      [
        [
          1,
          4,
          2,
          7,
          0
        ],
        [
          2,
          23,
          28,
          28,
          1
        ],
        [
          2,
          19,
          57,
          88,
          0
        ],
        [
          0,
          0,
          7,
          54,
          0
        ],
        [
          0,
          0,
          0,
          2,
          0
        ]
      ],
      [
        [
          0,
          0,
          4,
          1,
          0
        ],
        [
          0,
          26,
          68,
          10,
          0
        ],
        [
          0,
          19,
          132,
          29,
          0
        ],
        [
          0,
          0,
          18,
          18,
          0
        ],
        [
          0,
          0,
          0,
          0,
          0
        ]
      ]
    ],
    "emd": [
      0.26864176960699526,
      0.24976808204070347,
      0.23434797199014257
    ],
    "macroEMD": 0.2509192745459471,
    "tail_recall0": [
      0.08333333333333333,
      0.03571428571428571,
      0.0
    ],
    "tail_recall0_average": 0.03968253968253968
  },
  "extra": {
    "static_stats": {}
  }
}