{
  "val": {
    "loss": 7.992320624840667,
    "qwk": [
      0.6207215541165587,
      0.5748181127158215,
      0.5946176475708045
    ],
    "qwk_average": 0.5967191048010615,
    "cm": [
      [
        [
          0,
          3,
          5,
          1,
          0
        ],
        [
          1,
          14,
          35,
          4,
          0
        ],
        [
          1,
          7,
          84,
          33,
          1
        ],
        [
          0,
          0,
          21,
          83,
          12
        ],
        [
          0,
          0,
          1,
          11,
          11
        ]
      ],
      [
        [
          0,
          6,
          3,
          0,
          0
        ],
        [
          0,
          15,
          33,
          4,
          0
        ],
        [
          0,
          17,
          75,
          26,
          4
        ],
        [
          0,
          5,
          25,
          92,
          11
        ],
        [
          0,
          0,
          0,
          9,
          3
        ]
      ],
      [
        [
          0,
          3,
          2,
          0,
          0
        ],
        [
          2,
          23,
          40,
          3,
          0
        ],
        [
          1,
          16,
          109,
          26,
          0
        ],
        [
          0,
          0,
          25,
          75,
          1
        ],
        [
          0,
          0,
          1,
          1,
          0
        ]
      ]
    ],
    "emd": [
      0.23368616811488208,
      0.25602961337981717,
      0.2405762948556669
    ],
    "macroEMD": 0.24343069211678872,
    "tail_recall0": [
      0.2391304347826087,
      0.125,
      0.0
    ],
    "tail_recall0_average": 0.1213768115942029
  },
  "extra": {
    "static_stats": {
      "static/train/lambda": {
        "mean": 1.0,
        "min": 1.0,
        "max": 1.0
      },
      "static/train/rho": {
        "mean": [
          0.0,
          0.0,
          0.0
        ],
        "min": [
          0.0,
          0.0,
          0.0
        ],
        "max": [
          0.0,
          0.0,
          0.0
        ]
      },
      "static/val/lambda": {
        "mean": 1.0,
        "min": 1.0,
        "max": 1.0
      },
      "static/val/rho": {
        "mean": [
          0.0,
          0.0,
          0.0
        ],
        "min": [
          0.0,
          0.0,
          0.0
        ],
        "max": [
          0.0,
          0.0,
          0.0
        ]
      },
      "static/all/lambda": {
        "mean": 1.0,
        "min": 1.0,
        "max": 1.0
      },
      "static/all/rho": {
        "mean": [
          0.0,
          0.0,
          0.0
        ],
        "min": [
          0.0,
          0.0,
          0.0
        ],
        "max": [
          0.0,
          0.0,
          0.0
        ]
      }
    }
  }
}