{
  "val": {
    "loss": 10.38995759954219,
    "qwk": [
      0.4905978395035455,
      0.5242899048436718,
      0.5231379582076574
    ],
    "qwk_average": 0.5126752341849582,
    "cm": [
      [
        [
          0,
          7,
          6,
          0,
          0
        ],
        [
          0,
          9,
          42,
          1,
          0
        ],
        [
          0,
          3,
          99,
          12,
          0
        ],
        [
          0,
          0,
          64,
          74,
          1
        ],
        [
          0,
          1,
          3,
          5,
          0
        ]
      ],
      [
        [
          0,
          1,
          6,
          0,
          0
        ],
        [
          3,
          12,
          38,
          2,
          0
        ],
        [
          0,
          8,
          60,
          46,
          0
        ],
        [
          0,
          3,
          29,
          111,
          0
        ],
        [
          0,
          0,
          2,
          6,
          0
        ]
      ],
      [
        [
          0,
          0,
          6,
          0,
          0
        ],
        [
          0,
          17,
          48,
          0,
          0
        ],
        [
          0,
          9,
          90,
          44,
          0
        ],
        [
          0,
          0,
          33,
          77,
          0
        ],
        [
          0,
          0,
          0,
          3,
          0
        ]
      ]
    ],
    "emd": [
      0.24967879720204209,
      0.2714864972922056,
      0.25322771313897385
    ],
    "macroEMD": 0.2581310025444072,
    "tail_recall0": [
      0.0,
      0.0,
      0.0
    ],
    "tail_recall0_average": 0.0
  },
  "extra": {
    "static_stats": {
      "static/train/lambda": {
        "mean": 1.0,
        "min": 1.0,
        "max": 1.0
      },
      "static/train/rho": {
        "mean": [
          0.0,
          0.0,
          0.0
        ],
        "min": [
          0.0,
          0.0,
          0.0
        ],
        "max": [
          0.0,
          0.0,
          0.0
        ]
      },
      "static/val/lambda": {
        "mean": 1.0,
        "min": 1.0,
        "max": 1.0
      },
      "static/val/rho": {
        "mean": [
          0.0,
          0.0,
          0.0
        ],
        "min": [
          0.0,
          0.0,
          0.0
        ],
        "max": [
          0.0,
          0.0,
          0.0
        ]
      },
      "static/all/lambda": {
        "mean": 1.0,
        "min": 1.0,
        "max": 1.0
      },
      "static/all/rho": {
        "mean": [
          0.0,
          0.0,
          0.0
        ],
        "min": [
          0.0,
          0.0,
          0.0
        ],
        "max": [
          0.0,
          0.0,
          0.0
        ]
      }
    }
  }
}