{
  "val": {
    "loss": 8.147601191744018,
    "qwk": [
      0.6109382174378858,
      0.5424667283467368,
      0.5775647367882366
    ],
    "qwk_average": 0.576989894190953,
    "cm": [
      [
        [
          1,
          3,
          4,
          1,
          0
        ],
        [
          1,
          14,
          36,
          3,
          0
        ],
        [
          1,
          8,
          84,
          30,
          3
        ],
        [
          0,
          0,
          26,
          78,
          12
        ],
        [
          0,
          0,
          1,
          13,
          9
        ]
      ],
      [
        [
          0,
          6,
          2,
          1,
          0
        ],
        [
          1,
          13,
          31,
          7,
          0
        ],
        [
          0,
          10,
          77,
          32,
          3
        ],
        [
          0,
          2,
          31,
          92,
          8
        ],
        [
          0,
          0,
          1,
          8,
          3
        ]
      ],
      [
        [
          0,
          4,
          1,
          0,
          0
        ],
        [
          0,
          26,
          38,
          4,
          0
        ],
        [
          1,
          19,
          104,
          28,
          0
        ],
        [
          1,
          0,
          23,
          76,
          1
        ],
        [
          0,
          0,
          1,
          1,
          0
        ]
      ]
    ],
    "emd": [
      0.22572554842433296,
      0.2510543047097987,
      0.24108989357220154
    ],
    "macroEMD": 0.23928991556877774,
    "tail_recall0": [
      0.25120772946859904,
      0.125,
      0.0
    ],
    "tail_recall0_average": 0.125402576489533
  },
  "extra": {
    "static_stats": {
      "static/train/lambda": {
        "mean": 1.0,
        "min": 1.0,
        "max": 1.0
      },
      "static/train/rho": {
        "mean": [
          0.0,
          0.0,
          0.0
        ],
        "min": [
          0.0,
          0.0,
          0.0
        ],
        "max": [
          0.0,
          0.0,
          0.0
        ]
      },
      "static/val/lambda": {
        "mean": 1.0,
        "min": 1.0,
        "max": 1.0
      },
      "static/val/rho": {
        "mean": [
          0.0,
          0.0,
          0.0
        ],
        "min": [
          0.0,
          0.0,
          0.0
        ],
        "max": [
          0.0,
          0.0,
          0.0
        ]
      },
      "static/all/lambda": {
        "mean": 1.0,
        "min": 1.0,
        "max": 1.0
      },
      "static/all/rho": {
        "mean": [
          0.0,
          0.0,
          0.0
        ],
        "min": [
          0.0,
          0.0,
          0.0
        ],
        "max": [
          0.0,
          0.0,
          0.0
        ]
      }
    }
  }
}