{
  "val": {
    "loss": 1.4232919620816722,
    "qwk": [
      0.5871483442333645,
      0.5562012191648151,
      0.6609988664399546
    ],
    "qwk_average": 0.6014494766127114,
    "cm": [
      [
        [
          1,
          8,
          1,
          0,
          0
        ],
        [
          1,
          15,
          36,
          2,
          0
        ],
        [
          1,
          16,
          68,
          36,
          4
        ],
        [
          0,
          1,
          28,
          84,
          3
        ],
        [
          0,
          0,
          3,
          18,
          2
        ]
      ],
      [
        [
          2,
          4,
          3,
          0,
          0
        ],
        [
          1,
          14,
          32,
          5,
          1
        ],
        [
          1,
          17,
          62,
          41,
          0
        ],
        [
          0,
          1,
          31,
          100,
          1
        ],
        [
          0,
          0,
          1,
          10,
          1
        ]
      ],
      [
        [
          2,
          3,
          0,
          0,
          0
        ],
        [
          0,
          41,
          28,
          0,
          0
        ],
        [
          0,
          27,
          101,
          23,
          0
        ],
        [
          0,
          1,
          34,
          66,
          0
        ],
        [
          0,
          0,
          1,
          1,
          0
        ]
      ]
    ],
    "emd": [
      0.2940241157492212,
      0.28817463228403883,
      0.28094510009863
    ],
    "macroEMD": 0.28771461604396337,
    "tail_recall0": [
      0.09347826086956522,
      0.15277777777777776,
      0.2
    ],
    "tail_recall0_average": 0.14875201288244766
  },
  "extra": {
    "static_stats": {
      "static/train/lambda": {
        "mean": [
          1.0,
          1.0,
          1.0
        ],
        "min": [
          1.0,
          1.0,
          1.0
        ],
        "max": [
          1.0,
          1.0,
          1.0
        ]
      },
      "static/train/rho": {
        "mean": [
          0.0,
          0.0,
          0.0
        ],
        "min": [
          0.0,
          0.0,
          0.0
        ],
        "max": [
          0.0,
          0.0,
          0.0
        ]
      },
      "static/val/lambda": {
        "mean": [
          1.0,
          1.0,
          1.0
        ],
        "min": [
          1.0,
          1.0,
          1.0
        ],
        "max": [
          1.0,
          1.0,
          1.0
        ]
      },
      "static/val/rho": {
        "mean": [
          0.0,
          0.0,
          0.0
        ],
        "min": [
          0.0,
          0.0,
          0.0
        ],
        "max": [
          0.0,
          0.0,
          0.0
        ]
      },
      "static/all/lambda": {
        "mean": [
          1.0,
          1.0,
          1.0
        ],
        "min": [
          1.0,
          1.0,
          1.0
        ],
        "max": [
          1.0,
          1.0,
          1.0
        ]
      },
      "static/all/rho": {
        "mean": [
          0.0,
          0.0,
          0.0
        ],
        "min": [
          0.0,
          0.0,
          0.0
        ],
        "max": [
          0.0,
          0.0,
          0.0
        ]
      }
    }
  }
}