{
  "val": {
    "loss": 1.3788322988304542,
    "qwk": [
      0.5235806911207166,
      0.5104537711011305,
      0.4974628120741149
    ],
    "qwk_average": 0.5104990914319874,
    "cm": [
      [
        [
          2,
          3,
          8,
          0,
          0
        ],
        [
          1,
          7,
          41,
          3,
          0
        ],
        [
          0,
          2,
          84,
          28,
          0
        ],
        [
          0,
          0,
          44,
          95,
          0
        ],
        [
          0,
          0,
          3,
          6,
          0
        ]
      ],
      [
        [
          0,
          1,
          6,
          0,
          0
        ],
        [
          3,
          4,
          45,
          3,
          0
        ],
        [
          0,
          1,
          70,
          43,
          0
        ],
        [
          0,
          0,
          34,
          109,
          0
        ],
        [
          0,
          0,
          1,
          7,
          0
        ]
      ],
      [
        [
          0,
          0,
          6,
          0,
          0
        ],
        [
          0,
          12,
          53,
          0,
          0
        ],
        [
          0,
          11,
          104,
          28,
          0
        ],
        [
          0,
          0,
          40,
          70,
          0
        ],
        [
          0,
          0,
          0,
          3,
          0
        ]
      ]
    ],
    "emd": [
      0.22321670091456797,
      0.23339864027986085,
      0.22963001434882865
    ],
    "macroEMD": 0.2287484518477525,
    "tail_recall0": [
      0.07692307692307693,
      0.0,
      0.0
    ],
    "tail_recall0_average": 0.025641025641025644
  },
  "extra": {
    "static_stats": {
      "static/train/lambda": {
        "mean": [
          1.0,
          1.0,
          1.0
        ],
        "min": [
          1.0,
          1.0,
          1.0
        ],
        "max": [
          1.0,
          1.0,
          1.0
        ]
      },
      "static/train/rho": {
        "mean": [
          0.0,
          0.0,
          0.0
        ],
        "min": [
          0.0,
          0.0,
          0.0
        ],
        "max": [
          0.0,
          0.0,
          0.0
        ]
      },
      "static/val/lambda": {
        "mean": [
          1.0,
          1.0,
          1.0
        ],
        "min": [
          1.0,
          1.0,
          1.0
        ],
        "max": [
          1.0,
          1.0,
          1.0
        ]
      },
      "static/val/rho": {
        "mean": [
          0.0,
          0.0,
          0.0
        ],
        "min": [
          0.0,
          0.0,
          0.0
        ],
        "max": [
          0.0,
          0.0,
          0.0
        ]
      },
      "static/all/lambda": {
        "mean": [
          1.0,
          1.0,
          1.0
        ],
        "min": [
          1.0,
          1.0,
          1.0
        ],
        "max": [
          1.0,
          1.0,
          1.0
        ]
      },
      "static/all/rho": {
        "mean": [
          0.0,
          0.0,
          0.0
        ],
        "min": [
          0.0,
          0.0,
          0.0
        ],
        "max": [
          0.0,
          0.0,
          0.0
        ]
      }
    }
  }
}