{
  "val": {
    "loss": 1.4340622205416034,
    "qwk": [
      0.45438946006078496,
      0.3759352572911895,
      0.44803913155410613
    ],
    "qwk_average": 0.42612128296869356,
    "cm": [
      [
        [
          1,
          0,
          7,
          2,
          0
        ],
        [
          1,
          6,
          28,
          5,
          1
        ],
        [
          0,
          3,
          81,
          36,
          2
        ],
        [
          0,
          0,
          42,
          94,
          5
        ],
        [
          0,
          0,
          4,
          10,
          7
        ]
      ],
      [
        [
          0,
          4,
          6,
          3,
          0
        ],
        [
          0,
          5,
          22,
          11,
          1
        ],
        [
          0,
          5,
          50,
          49,
          0
        ],
        [
          0,
          0,
          35,
          128,
          0
        ],
        [
          0,
          0,
          3,
          13,
          0
        ]
      ],
      [
        [
          0,
          5,
          7,
          0,
          0
        ],
        [
          0,
          10,
          38,
          4,
          0
        ],
        [
          0,
          16,
          107,
          35,
          0
        ],
        [
          0,
          3,
          39,
          68,
          0
        ],
        [
          0,
          0,
          0,
          3,
          0
        ]
      ]
    ],
    "emd": [
      0.30464642598888136,
      0.3188342481630039,
      0.2901629745093446
    ],
    "macroEMD": 0.3045478828870766,
    "tail_recall0": [
      0.21666666666666667,
      0.0,
      0.0
    ],
    "tail_recall0_average": 0.07222222222222223
  },
  "extra": {
    "static_stats": {
      "static/train/lambda": {
        "mean": [
          1.0,
          1.0,
          1.0
        ],
        "min": [
          1.0,
          1.0,
          1.0
        ],
        "max": [
          1.0,
          1.0,
          1.0
        ]
      },
      "static/train/rho": {
        "mean": [
          0.0,
          0.0,
          0.0
        ],
        "min": [
          0.0,
          0.0,
          0.0
        ],
        "max": [
          0.0,
          0.0,
          0.0
        ]
      },
      "static/val/lambda": {
        "mean": [
          1.0,
          1.0,
          1.0
        ],
        "min": [
          1.0,
          1.0,
          1.0
        ],
        "max": [
          1.0,
          1.0,
          1.0
        ]
      },
      "static/val/rho": {
        "mean": [
          0.0,
          0.0,
          0.0
        ],
        "min": [
          0.0,
          0.0,
          0.0
        ],
        "max": [
          0.0,
          0.0,
          0.0
        ]
      },
      "static/all/lambda": {
        "mean": [
          1.0,
          1.0,
          1.0
        ],
        "min": [
          1.0,
          1.0,
          1.0
        ],
        "max": [
          1.0,
          1.0,
          1.0
        ]
      },
      "static/all/rho": {
        "mean": [
          0.0,
          0.0,
          0.0
        ],
        "min": [
          0.0,
          0.0,
          0.0
        ],
        "max": [
          0.0,
          0.0,
          0.0
        ]
      }
    }
  }
}