{
  "val": {
    "loss": 1.9160770430095544,
    "qwk": [
      0.2917249285111422,
      0.22847453369339943,
      0.28450670208911966
    ],
    "qwk_average": 0.2682353880978871,
    "cm": [
      [
        [
          1,
          0,
          1,
          5,
          0
        ],
        [
          5,
          20,
          49,
          21,
          3
        ],
        [
          3,
          10,
          74,
          61,
          7
        ],
        [
          0,
          1,
          10,
          47,
          1
        ],
        [
          0,
          0,
          0,
          6,
          0
        ]
      ],
      [
        [
          0,
          4,
          2,
          7,
          1
        ],
        [
          1,
          25,
          21,
          35,
          0
        ],
        [
          0,
          19,
          58,
          88,
          1
        ],
        [
          0,
          1,
          8,
          52,
          0
        ],
        [
          0,
          0,
          0,
          2,
          0
        ]
      ],
      [
        [
          0,
          2,
          2,
          1,
          0
        ],
        [
          0,
          40,
          46,
          18,
          0
        ],
        [
          0,
          34,
          96,
          50,
          0
        ],
        [
          0,
          0,
          16,
          20,
          0
        ],
        [
          0,
          0,
          0,
          0,
          0
        ]
      ]
    ],
    "emd": [
      0.27728739078791076,
      0.26930407846740767,
      0.23661791116357594
    ],
    "macroEMD": 0.26106979347296483,
    "tail_recall0": [
      0.07142857142857142,
      0.0,
      0.0
    ],
    "tail_recall0_average": 0.023809523809523808
  },
  "extra": {
    "static_stats": {
      "static/train/lambda": {
        "mean": [
          1.0,
          1.0,
          1.0
        ],
        "min": [
          1.0,
          1.0,
          1.0
        ],
        "max": [
          1.0,
          1.0,
          1.0
        ]
      },
      "static/train/rho": {
        "mean": [
          0.0,
          0.0,
          0.0
        ],
        "min": [
          0.0,
          0.0,
          0.0
        ],
        "max": [
          0.0,
          0.0,
          0.0
        ]
      },
      "static/val/lambda": {
        "mean": [
          1.0,
          1.0,
          1.0
        ],
        "min": [
          1.0,
          1.0,
          1.0
        ],
        "max": [
          1.0,
          1.0,
          1.0
        ]
      },
      "static/val/rho": {
        "mean": [
          0.0,
          0.0,
          0.0
        ],
        "min": [
          0.0,
          0.0,
          0.0
        ],
        "max": [
          0.0,
          0.0,
          0.0
        ]
      },
      "static/all/lambda": {
        "mean": [
          1.0,
          1.0,
          1.0
        ],
        "min": [
          1.0,
          1.0,
          1.0
        ],
        "max": [
          1.0,
          1.0,
          1.0
        ]
      },
      "static/all/rho": {
        "mean": [
          0.0,
          0.0,
          0.0
        ],
        "min": [
          0.0,
          0.0,
          0.0
        ],
        "max": [
          0.0,
          0.0,
          0.0
        ]
      }
    }
  }
}