{
  "val": {
    "loss": 10.063332336507756,
    "qwk": [
      0.5163398211854742,
      0.562862388867414,
      0.5077711594403658
    ],
    "qwk_average": 0.528991123164418,
    "cm": [
      [
        [
          1,
          6,
          6,
          0,
          0
        ],
        [
          0,
          10,
          41,
          1,
          0
        ],
        [
          2,
          5,
          89,
          14,
          4
        ],
        [
          0,
          0,
          54,
          79,
          6
        ],
        [
          0,
          1,
          3,
          2,
          3
        ]
      ],
      [
        [
          0,
          3,
          4,
          0,
          0
        ],
        [
          1,
          15,
          37,
          2,
          0
        ],
        [
          0,
          10,
          65,
          39,
          0
        ],
        [
          0,
          0,
          39,
          102,
          2
        ],
        [
          0,
          0,
          1,
          7,
          0
        ]
      ],
      [
        [
          0,
          1,
          5,
          0,
          0
        ],
        [
          0,
          11,
          53,
          1,
          0
        ],
        [
          2,
          4,
          99,
          38,
          0
        ],
        [
          0,
          0,
          32,
          78,
          0
        ],
        [
          0,
          0,
          0,
          3,
          0
        ]
      ]
    ],
    "emd": [
      0.23773808302209637,
      0.25338079329441904,
      0.25308435256570844
    ],
    "macroEMD": 0.24806774296074127,
    "tail_recall0": [
      0.20512820512820512,
      0.0,
      0.0
    ],
    "tail_recall0_average": 0.06837606837606837
  },
  "extra": {
    "static_stats": {
      "static/train/lambda": {
        "mean": 1.0,
        "min": 1.0,
        "max": 1.0
      },
      "static/train/rho": {
        "mean": [
          0.0,
          0.0,
          0.0
        ],
        "min": [
          0.0,
          0.0,
          0.0
        ],
        "max": [
          0.0,
          0.0,
          0.0
        ]
      },
      "static/val/lambda": {
        "mean": 1.0,
        "min": 1.0,
        "max": 1.0
      },
      "static/val/rho": {
        "mean": [
          0.0,
          0.0,
          0.0
        ],
        "min": [
          0.0,
          0.0,
          0.0
        ],
        "max": [
          0.0,
          0.0,
          0.0
        ]
      },
      "static/all/lambda": {
        "mean": 1.0,
        "min": 1.0,
        "max": 1.0
      },
      "static/all/rho": {
        "mean": [
          0.0,
          0.0,
          0.0
        ],
        "min": [
          0.0,
          0.0,
          0.0
        ],
        "max": [
          0.0,
          0.0,
          0.0
        ]
      }
    }
  }
}