{
  "val": {
    "loss": 13.479285568043627,
    "qwk": [
      0.2758526416512883,
      0.3386522851106417,
      0.28292794860027537
    ],
    "qwk_average": 0.2991442917874018,
    "cm": [
      [
        [
          2,
          0,
          0,
          3,
          2
        ],
        [
          18,
          17,
          35,
          16,
          12
        ],
        [
          8,
          12,
          59,
          57,
          19
        ],
        [
          0,
          1,
          11,
          38,
          9
        ],
        [
          0,
          0,
          0,
          4,
          2
        ]
      ],
      [
        [
          1,
          6,
          2,
          5,
          0
        ],
        [
          10,
          27,
          18,
          26,
          1
        ],
        [
          3,
          25,
          44,
          89,
          5
        ],
        [
          0,
          3,
          5,
          52,
          1
        ],
        [
          0,
          0,
          0,
          2,
          0
        ]
      ],
      [
        [
          0,
          2,
          1,
          2,
          0
        ],
        [
          0,
          38,
          49,
          17,
          0
        ],
        [
          0,
          40,
          85,
          55,
          0
        ],
        [
          0,
          1,
          10,
          25,
          0
        ],
        [
          0,
          0,
          0,
          0,
          0
        ]
      ]
    ],
    "emd": [
      0.2960841280240543,
      0.2898460449140842,
      0.27547607462669726
    ],
    "macroEMD": 0.2871354158549453,
    "tail_recall0": [
      0.30952380952380953,
      0.03571428571428571,
      0.0
    ],
    "tail_recall0_average": 0.11507936507936507
  },
  "extra": {
    "static_stats": {
      "static/train/lambda": {
        "mean": 1.0,
        "min": 1.0,
        "max": 1.0
      },
      "static/train/rho": {
        "mean": [
          0.0,
          0.0,
          0.0
        ],
        "min": [
          0.0,
          0.0,
          0.0
        ],
        "max": [
          0.0,
          0.0,
          0.0
        ]
      },
      "static/val/lambda": {
        "mean": 1.0,
        "min": 1.0,
        "max": 1.0
      },
      "static/val/rho": {
        "mean": [
          0.0,
          0.0,
          0.0
        ],
        "min": [
          0.0,
          0.0,
          0.0
        ],
        "max": [
          0.0,
          0.0,
          0.0
        ]
      },
      "static/all/lambda": {
        "mean": 1.0,
        "min": 1.0,
        "max": 1.0
      },
      "static/all/rho": {
        "mean": [
          0.0,
          0.0,
          0.0
        ],
        "min": [
          0.0,
          0.0,
          0.0
        ],
        "max": [
          0.0,
          0.0,
          0.0
        ]
      }
    }
  }
}