{
  "val": {
    "loss": 1.0814687707927855,
    "qwk": [
      0.6496132411804831,
      0.641030042918455,
      0.6300317236517448
    ],
    "qwk_average": 0.640225002583561,
    "cm": [
      [
        [
          1,
          3,
          5,
          0,
          0
        ],
        [
          0,
          22,
          30,
          3,
          0
        ],
        [
          1,
          14,
          87,
          21,
          2
        ],
        [
          0,
          0,
          27,
          81,
          8
        ],
        [
          0,
          0,
          1,
          15,
          7
        ]
      ],
      [
        [
          1,
          2,
          6,
          0,
          0
        ],
        [
          1,
          25,
          23,
          3,
          0
        ],
        [
          0,
          12,
          79,
          29,
          1
        ],
        [
          0,
          0,
          23,
          106,
          5
        ],
        [
          0,
          0,
          2,
          10,
          0
        ]
      ],
      [
        [
          1,
          3,
          1,
          0,
          0
        ],
        [
          1,
          29,
          37,
          2,
          0
        ],
        [
          0,
          19,
          112,
          20,
          0
        ],
        [
          0,
          1,
          30,
          70,
          0
        ],
        [
          0,
          0,
          0,
          2,
          0
        ]
      ]
    ],
    "emd": [
      0.19248560903688022,
      0.20102405418346098,
      0.18165516570988802
    ],
    "macroEMD": 0.19172160964340976,
    "tail_recall0": [
      0.20772946859903382,
      0.05555555555555555,
      0.1
    ],
    "tail_recall0_average": 0.1210950080515298
  },
  "extra": {
    "static_stats": {
      "static/train/lambda": {
        "mean": [
          1.0,
          1.0,
          1.0
        ],
        "min": [
          1.0,
          1.0,
          1.0
        ],
        "max": [
          1.0,
          1.0,
          1.0
        ]
      },
      "static/train/rho": {
        "mean": [
          0.0,
          0.0,
          0.0
        ],
        "min": [
          0.0,
          0.0,
          0.0
        ],
        "max": [
          0.0,
          0.0,
          0.0
        ]
      },
      "static/val/lambda": {
        "mean": [
          1.0,
          1.0,
          1.0
        ],
        "min": [
          1.0,
          1.0,
          1.0
        ],
        "max": [
          1.0,
          1.0,
          1.0
        ]
      },
      "static/val/rho": {
        "mean": [
          0.0,
          0.0,
          0.0
        ],
        "min": [
          0.0,
          0.0,
          0.0
        ],
        "max": [
          0.0,
          0.0,
          0.0
        ]
      },
      "static/all/lambda": {
        "mean": [
          1.0,
          1.0,
          1.0
        ],
        "min": [
          1.0,
          1.0,
          1.0
        ],
        "max": [
          1.0,
          1.0,
          1.0
        ]
      },
      "static/all/rho": {
        "mean": [
          0.0,
          0.0,
          0.0
        ],
        "min": [
          0.0,
          0.0,
          0.0
        ],
        "max": [
          0.0,
          0.0,
          0.0
        ]
      }
    }
  }
}