{
  "val": {
    "loss": 1.080351326130249,
    "qwk": [
      0.5978364441455075,
      0.5813953488372092,
      0.6127904815021379
    ],
    "qwk_average": 0.5973407581616182,
    "cm": [
      [
        [
          0,
          6,
          4,
          0,
          0
        ],
        [
          0,
          17,
          35,
          2,
          0
        ],
        [
          0,
          14,
          70,
          41,
          0
        ],
        [
          0,
          0,
          25,
          91,
          0
        ],
        [
          0,
          0,
          3,
          18,
          2
        ]
      ],
      [
        [
          0,
          5,
          3,
          1,
          0
        ],
        [
          0,
          19,
          28,
          6,
          0
        ],
        [
          0,
          14,
          71,
          36,
          0
        ],
        [
          0,
          0,
          28,
          104,
          1
        ],
        [
          0,
          0,
          1,
          10,
          1
        ]
      ],
      [
        [
          0,
          3,
          2,
          0,
          0
        ],
        [
          0,
          36,
          33,
          0,
          0
        ],
        [
          0,
          17,
          117,
          17,
          0
        ],
        [
          0,
          1,
          43,
          57,
          0
        ],
        [
          0,
          0,
          0,
          2,
          0
        ]
      ]
    ],
    "emd": [
      0.19678464530417297,
      0.20494880892401693,
      0.1888376456164342
    ],
    "macroEMD": 0.19685703328154136,
    "tail_recall0": [
      0.043478260869565216,
      0.041666666666666664,
      0.0
    ],
    "tail_recall0_average": 0.028381642512077292
  },
  "extra": {
    "static_stats": {
      "static/train/lambda": {
        "mean": [
          1.0,
          1.0,
          1.0
        ],
        "min": [
          1.0,
          1.0,
          1.0
        ],
        "max": [
          1.0,
          1.0,
          1.0
        ]
      },
      "static/val/lambda": {
        "mean": [
          1.0,
          1.0,
          1.0
        ],
        "min": [
          1.0,
          1.0,
          1.0
        ],
        "max": [
          1.0,
          1.0,
          1.0
        ]
      },
      "static/all/lambda": {
        "mean": [
          1.0,
          1.0,
          1.0
        ],
        "min": [
          1.0,
          1.0,
          1.0
        ],
        "max": [
          1.0,
          1.0,
          1.0
        ]
      }
    }
  }
}