{
  "val": {
    "loss": 1.3146980839923406,
    "qwk": [
      0.34260429835651074,
      0.25061710468999554,
      0.24617704070643975
    ],
    "qwk_average": 0.27979948125098203,
    "cm": [
      [
        [
          2,
          0,
          1,
          4,
          0
        ],
        [
          20,
          8,
          46,
          20,
          4
        ],
        [
          7,
          6,
          74,
          65,
          3
        ],
        [
          0,
          1,
          10,
          48,
          0
        ],
        [
          0,
          0,
          0,
          5,
          1
        ]
      ],
      [
        [
          0,
          5,
          1,
          8,
          0
        ],
        [
          1,
          33,
          9,
          39,
          0
        ],
        [
          0,
          29,
          30,
          107,
          0
        ],
        [
          0,
          2,
          4,
          55,
          0
        ],
        [
          0,
          0,
          0,
          2,
          0
        ]
      ],
      [
        [
          0,
          2,
          1,
          2,
          0
        ],
        [
          0,
          41,
          37,
          26,
          0
        ],
        [
          0,
          41,
          79,
          60,
          0
        ],
        [
          0,
          1,
          10,
          25,
          0
        ],
        [
          0,
          0,
          0,
          0,
          0
        ]
      ]
    ],
    "emd": [
      0.3153629309251091,
      0.31821612853091785,
      0.28768562726463043
    ],
    "macroEMD": 0.30708822890688575,
    "tail_recall0": [
      0.22619047619047616,
      0.0,
      0.0
    ],
    "tail_recall0_average": 0.07539682539682539
  },
  "extra": {
    "static_stats": {
      "static/train/lambda": {
        "mean": [
          1.0,
          1.0,
          1.0
        ],
        "min": [
          1.0,
          1.0,
          1.0
        ],
        "max": [
          1.0,
          1.0,
          1.0
        ]
      },
      "static/train/rho": {
        "mean": [
          0.0,
          0.0,
          0.0
        ],
        "min": [
          0.0,
          0.0,
          0.0
        ],
        "max": [
          0.0,
          0.0,
          0.0
        ]
      },
      "static/val/lambda": {
        "mean": [
          1.0,
          1.0,
          1.0
        ],
        "min": [
          1.0,
          1.0,
          1.0
        ],
        "max": [
          1.0,
          1.0,
          1.0
        ]
      },
      "static/val/rho": {
        "mean": [
          0.0,
          0.0,
          0.0
        ],
        "min": [
          0.0,
          0.0,
          0.0
        ],
        "max": [
          0.0,
          0.0,
          0.0
        ]
      },
      "static/all/lambda": {
        "mean": [
          1.0,
          1.0,
          1.0
        ],
        "min": [
          1.0,
          1.0,
          1.0
        ],
        "max": [
          1.0,
          1.0,
          1.0
        ]
      },
      "static/all/rho": {
        "mean": [
          0.0,
          0.0,
          0.0
        ],
        "min": [
          0.0,
          0.0,
          0.0
        ],
        "max": [
          0.0,
          0.0,
          0.0
        ]
      }
    }
  }
}