{
  "val": {
    "loss": 10.980407500254236,
    "qwk": [
      0.4009227312312612,
      0.41531997414350363,
      0.3768729978299059
    ],
    "qwk_average": 0.39770523440155686,
    "cm": [
      [
        [
          0,
          5,
          9,
          1,
          0
        ],
        [
          1,
          11,
          61,
          8,
          1
        ],
        [
          0,
          3,
          108,
          41,
          3
        ],
        [
          0,
          0,
          19,
          43,
          11
        ],
        [
          0,
          0,
          7,
          2,
          1
        ]
      ],
      [
        [
          0,
          2,
          6,
          1,
          0
        ],
        [
          0,
          9,
          53,
          14,
          0
        ],
        [
          0,
          4,
          113,
          47,
          0
        ],
        [
          0,
          0,
          14,
          65,
          1
        ],
        [
          0,
          0,
          0,
          6,
          0
        ]
      ],
      [
        [
          0,
          3,
          1,
          0,
          0
        ],
        [
          0,
          5,
          78,
          9,
          0
        ],
        [
          0,
          4,
          135,
          27,
          0
        ],
        [
          0,
          0,
          27,
          45,
          0
        ],
        [
          0,
          0,
          0,
          1,
          0
        ]
      ]
    ],
    "emd": [
      0.28269871415669695,
      0.26691365609011947,
      0.24662114110549002
    ],
    "macroEMD": 0.26541117045076884,
    "tail_recall0": [
      0.05,
      0.0,
      0.0
    ],
    "tail_recall0_average": 0.016666666666666666
  },
  "extra": {
    "static_stats": {
      "static/train/lambda": {
        "mean": 1.0,
        "min": 1.0,
        "max": 1.0
      },
      "static/train/rho": {
        "mean": [
          0.0,
          0.0,
          0.0
        ],
        "min": [
          0.0,
          0.0,
          0.0
        ],
        "max": [
          0.0,
          0.0,
          0.0
        ]
      },
      "static/val/lambda": {
        "mean": 1.0,
        "min": 1.0,
        "max": 1.0
      },
      "static/val/rho": {
        "mean": [
          0.0,
          0.0,
          0.0
        ],
        "min": [
          0.0,
          0.0,
          0.0
        ],
        "max": [
          0.0,
          0.0,
          0.0
        ]
      },
      "static/all/lambda": {
        "mean": 1.0,
        "min": 1.0,
        "max": 1.0
      },
      "static/all/rho": {
        "mean": [
          0.0,
          0.0,
          0.0
        ],
        "min": [
          0.0,
          0.0,
          0.0
        ],
        "max": [
          0.0,
          0.0,
          0.0
        ]
      }
    }
  }
}