{
  "val": {
    "loss": 0.9193918757509056,
    "qwk": [
      0.644999307819127,
      0.662975225482361,
      0.5685454807553698
    ],
    "qwk_average": 0.6255066713522859,
    "cm": [
      [
        [
          1,
          3,
          4,
          1,
          0
        ],
        [
          1,
          25,
          27,
          2,
          0
        ],
        [
          0,
          11,
          87,
          24,
          3
        ],
        [
          0,
          0,
          25,
          83,
          8
        ],
        [
          0,
          0,
          5,
          8,
          10
        ]
      ],
      [
        [
          0,
          5,
          4,
          0,
          0
        ],
        [
          0,
          31,
          18,
          3,
          0
        ],
        [
          0,
          18,
          71,
          32,
          0
        ],
        [
          0,
          0,
          24,
          109,
          1
        ],
        [
          0,
          0,
          2,
          10,
          0
        ]
      ],
      [
        [
          0,
          3,
          1,
          1,
          0
        ],
        [
          0,
          25,
          43,
          1,
          0
        ],
        [
          0,
          22,
          103,
          26,
          0
        ],
        [
          0,
          0,
          33,
          68,
          0
        ],
        [
          0,
          0,
          0,
          2,
          0
        ]
      ]
    ],
    "emd": [
      0.19197233673277056,
      0.19653179246768637,
      0.19785950828865512
    ],
    "macroEMD": 0.195454545829704,
    "tail_recall0": [
      0.27294685990338163,
      0.0,
      0.0
    ],
    "tail_recall0_average": 0.09098228663446055
  },
  "extra": {
    "static_stats": {
      "static/train/lambda": {
        "mean": [
          1.0,
          1.0,
          1.0
        ],
        "min": [
          1.0,
          1.0,
          1.0
        ],
        "max": [
          1.0,
          1.0,
          1.0
        ]
      },
      "static/val/lambda": {
        "mean": [
          1.0,
          1.0,
          1.0
        ],
        "min": [
          1.0,
          1.0,
          1.0
        ],
        "max": [
          1.0,
          1.0,
          1.0
        ]
      },
      "static/all/lambda": {
        "mean": [
          1.0,
          1.0,
          1.0
        ],
        "min": [
          1.0,
          1.0,
          1.0
        ],
        "max": [
          1.0,
          1.0,
          1.0
        ]
      }
    }
  }
}