{
  "val": {
    "loss": 7.822504634648612,
    "qwk": [
      0.5918062987981403,
      0.582983951170999,
      0.5544558054987503
    ],
    "qwk_average": 0.5764153518226299,
    "cm": [
      [
        [
          1,
          6,
          3,
          0,
          0
        ],
        [
          0,
          21,
          30,
          4,
          0
        ],
        [
          0,
          11,
          80,
          31,
          3
        ],
        [
          0,
          1,
          31,
          73,
          11
        ],
        [
          0,
          0,
          6,
          10,
          7
        ]
      ],
      [
        [
          3,
          2,
          4,
          0,
          0
        ],
        [
          0,
          27,
          21,
          4,
          1
        ],
        [
          1,
          18,
          79,
          23,
          1
        ],
        [
          0,
          3,
          46,
          72,
          12
        ],
        [
          0,
          0,
          1,
          8,
          3
        ]
      ],
      [
        [
          1,
          1,
          2,
          0,
          0
        ],
        [
          2,
          22,
          43,
          2,
          0
        ],
        [
          1,
          10,
          108,
          33,
          0
        ],
        [
          0,
          0,
          38,
          64,
          0
        ],
        [
          0,
          0,
          0,
          2,
          0
        ]
      ]
    ],
    "emd": [
      0.2208721139934812,
      0.24660354888668773,
      0.24194035672537306
    ],
    "macroEMD": 0.23647200653518066,
    "tail_recall0": [
      0.20217391304347826,
      0.29166666666666663,
      0.125
    ],
    "tail_recall0_average": 0.20628019323671495
  },
  "extra": {
    "static_stats": {
      "static/train/lambda": {
        "mean": 1.0,
        "min": 1.0,
        "max": 1.0
      },
      "static/train/rho": {
        "mean": [
          0.0,
          0.0,
          0.0
        ],
        "min": [
          0.0,
          0.0,
          0.0
        ],
        "max": [
          0.0,
          0.0,
          0.0
        ]
      },
      "static/val/lambda": {
        "mean": 1.0,
        "min": 1.0,
        "max": 1.0
      },
      "static/val/rho": {
        "mean": [
          0.0,
          0.0,
          0.0
        ],
        "min": [
          0.0,
          0.0,
          0.0
        ],
        "max": [
          0.0,
          0.0,
          0.0
        ]
      },
      "static/all/lambda": {
        "mean": 1.0,
        "min": 1.0,
        "max": 1.0
      },
      "static/all/rho": {
        "mean": [
          0.0,
          0.0,
          0.0
        ],
        "min": [
          0.0,
          0.0,
          0.0
        ],
        "max": [
          0.0,
          0.0,
          0.0
        ]
      }
    }
  }
}