{
  "val": {
    "loss": 1.867158105449288,
    "qwk": [
      0.2601470631145868,
      0.29954566818110606,
      0.3431221020092736
    ],
    "qwk_average": 0.30093827776832216,
    "cm": [
      [
        [
          0,
          3,
          1,
          0,
          0
        ],
        [
          0,
          4,
          11,
          0,
          0
        ],
        [
          0,
          6,
          56,
          14,
          2
        ],
        [
          0,
          1,
          96,
          61,
          4
        ],
        [
          0,
          0,
          34,
          28,
          2
        ]
      ],
      [
        [
          1,
          3,
          2,
          0,
          0
        ],
        [
          0,
          5,
          11,
          0,
          0
        ],
        [
          0,
          8,
          49,
          9,
          0
        ],
        [
          0,
          4,
          124,
          77,
          0
        ],
        [
          0,
          0,
          18,
          12,
          0
        ]
      ],
      [
        [
          0,
          1,
          0,
          0,
          0
        ],
        [
          0,
          16,
          13,
          0,
          0
        ],
        [
          0,
          17,
          89,
          5,
          0
        ],
        [
          0,
          9,
          127,
          45,
          0
        ],
        [
          0,
          0,
          0,
          1,
          0
        ]
      ]
    ],
    "emd": [
      0.23801767009244687,
      0.23992853345778106,
      0.20242900580009576
    ],
    "macroEMD": 0.2267917364501079,
    "tail_recall0": [
      0.015625,
      0.08333333333333333,
      0.0
    ],
    "tail_recall0_average": 0.03298611111111111
  },
  "extra": {
    "static_stats": {
      "static/train/lambda": {
        "mean": [
          1.0,
          1.0,
          1.0
        ],
        "min": [
          1.0,
          1.0,
          1.0
        ],
        "max": [
          1.0,
          1.0,
          1.0
        ]
      },
      "static/train/rho": {
        "mean": [
          0.0,
          0.0,
          0.0
        ],
        "min": [
          0.0,
          0.0,
          0.0
        ],
        "max": [
          0.0,
          0.0,
          0.0
        ]
      },
      "static/val/lambda": {
        "mean": [
          1.0,
          1.0,
          1.0
        ],
        "min": [
          1.0,
          1.0,
          1.0
        ],
        "max": [
          1.0,
          1.0,
          1.0
        ]
      },
      "static/val/rho": {
        "mean": [
          0.0,
          0.0,
          0.0
        ],
        "min": [
          0.0,
          0.0,
          0.0
        ],
        "max": [
          0.0,
          0.0,
          0.0
        ]
      },
      "static/all/lambda": {
        "mean": [
          1.0,
          1.0,
          1.0
        ],
        "min": [
          1.0,
          1.0,
          1.0
        ],
        "max": [
          1.0,
          1.0,
          1.0
        ]
      },
      "static/all/rho": {
        "mean": [
          0.0,
          0.0,
          0.0
        ],
        "min": [
          0.0,
          0.0,
          0.0
        ],
        "max": [
          0.0,
          0.0,
          0.0
        ]
      }
    }
  }
}