{
  "val": {
    "loss": 10.50673983637558,
    "qwk": [
      0.5000687574318694,
      0.5075779656076946,
      0.49407493841566197
    ],
    "qwk_average": 0.500573887151742,
    "cm": [
      [
        [
          1,
          5,
          7,
          0,
          0
        ],
        [
          0,
          2,
          47,
          2,
          1
        ],
        [
          0,
          0,
          93,
          19,
          2
        ],
        [
          0,
          0,
          46,
          90,
          3
        ],
        [
          0,
          0,
          3,
          4,
          2
        ]
      ],
      [
        [
          0,
          1,
          6,
          0,
          0
        ],
        [
          0,
          12,
          37,
          6,
          0
        ],
        [
          0,
          8,
          53,
          53,
          0
        ],
        [
          0,
          2,
          20,
          121,
          0
        ],
        [
          0,
          0,
          1,
          7,
          0
        ]
      ],
      [
        [
          0,
          1,
          5,
          0,
          0
        ],
        [
          0,
          14,
          48,
          3,
          0
        ],
        [
          0,
          12,
          78,
          53,
          0
        ],
        [
          0,
          1,
          26,
          83,
          0
        ],
        [
          0,
          0,
          0,
          3,
          0
        ]
      ]
    ],
    "emd": [
      0.37402276673347334,
      0.37455484278906737,
      0.36698962872008123
    ],
    "macroEMD": 0.371855746080874,
    "tail_recall0": [
      0.14957264957264957,
      0.0,
      0.0
    ],
    "tail_recall0_average": 0.04985754985754986
  },
  "extra": {
    "static_stats": {
      "static/train/lambda": {
        "mean": 1.0,
        "min": 1.0,
        "max": 1.0
      },
      "static/train/rho": {
        "mean": [
          0.0,
          0.0,
          0.0
        ],
        "min": [
          0.0,
          0.0,
          0.0
        ],
        "max": [
          0.0,
          0.0,
          0.0
        ]
      },
      "static/val/lambda": {
        "mean": 1.0,
        "min": 1.0,
        "max": 1.0
      },
      "static/val/rho": {
        "mean": [
          0.0,
          0.0,
          0.0
        ],
        "min": [
          0.0,
          0.0,
          0.0
        ],
        "max": [
          0.0,
          0.0,
          0.0
        ]
      },
      "static/all/lambda": {
        "mean": 1.0,
        "min": 1.0,
        "max": 1.0
      },
      "static/all/rho": {
        "mean": [
          0.0,
          0.0,
          0.0
        ],
        "min": [
          0.0,
          0.0,
          0.0
        ],
        "max": [
          0.0,
          0.0,
          0.0
        ]
      }
    }
  }
}