{
  "val": {
    "loss": 10.790081158036234,
    "qwk": [
      0.3780367224130049,
      0.349188739425877,
      0.2864693446088794
    ],
    "qwk_average": 0.33789826881592044,
    "cm": [
      [
        [
          3,
          0,
          1,
          3,
          0
        ],
        [
          28,
          13,
          37,
          15,
          5
        ],
        [
          9,
          13,
          85,
          39,
          9
        ],
        [
          0,
          3,
          16,
          37,
          3
        ],
        [
          0,
          0,
          0,
          4,
          2
        ]
      ],
      [
        [
          5,
          2,
          0,
          7,
          0
        ],
        [
          14,
          15,
          25,
          28,
          0
        ],
        [
          4,
          19,
          54,
          87,
          2
        ],
        [
          0,
          1,
          7,
          51,
          2
        ],
        [
          0,
          0,
          0,
          2,
          0
        ]
      ],
      [
        [
          0,
          2,
          1,
          2,
          0
        ],
        [
          0,
          46,
          34,
          24,
          0
        ],
        [
          0,
          39,
          75,
          66,
          0
        ],
        [
          0,
          0,
          11,
          25,
          0
        ],
        [
          0,
          0,
          0,
          0,
          0
        ]
      ]
    ],
    "emd": [
      0.3785397371179834,
      0.3757203043745284,
      0.349676137576887
    ],
    "macroEMD": 0.3679787263564663,
    "tail_recall0": [
      0.38095238095238093,
      0.17857142857142858,
      0.0
    ],
    "tail_recall0_average": 0.1865079365079365
  },
  "extra": {
    "static_stats": {
      "static/train/lambda": {
        "mean": 1.0,
        "min": 1.0,
        "max": 1.0
      },
      "static/train/rho": {
        "mean": [
          0.0,
          0.0,
          0.0
        ],
        "min": [
          0.0,
          0.0,
          0.0
        ],
        "max": [
          0.0,
          0.0,
          0.0
        ]
      },
      "static/val/lambda": {
        "mean": 1.0,
        "min": 1.0,
        "max": 1.0
      },
      "static/val/rho": {
        "mean": [
          0.0,
          0.0,
          0.0
        ],
        "min": [
          0.0,
          0.0,
          0.0
        ],
        "max": [
          0.0,
          0.0,
          0.0
        ]
      },
      "static/all/lambda": {
        "mean": 1.0,
        "min": 1.0,
        "max": 1.0
      },
      "static/all/rho": {
        "mean": [
          0.0,
          0.0,
          0.0
        ],
        "min": [
          0.0,
          0.0,
          0.0
        ],
        "max": [
          0.0,
          0.0,
          0.0
        ]
      }
    }
  }
}