{
  "val": {
    "loss": 8.938191834016923,
    "qwk": [
      0.4818254955020843,
      0.5147010892222332,
      0.5338685302299615
    ],
    "qwk_average": 0.5101317049847597,
    "cm": [
      [
        [
          0,
          5,
          3,
          0,
          0
        ],
        [
          1,
          8,
          24,
          7,
          0
        ],
        [
          1,
          8,
          72,
          43,
          4
        ],
        [
          0,
          1,
          36,
          82,
          3
        ],
        [
          0,
          0,
          4,
          18,
          5
        ]
      ],
      [
        [
          1,
          4,
          1,
          0,
          0
        ],
        [
          2,
          13,
          26,
          6,
          1
        ],
        [
          2,
          8,
          65,
          35,
          3
        ],
        [
          0,
          0,
          46,
          97,
          5
        ],
        [
          0,
          0,
          2,
          6,
          2
        ]
      ],
      [
        [
          0,
          1,
          0,
          0,
          0
        ],
        [
          2,
          31,
          37,
          1,
          0
        ],
        [
          0,
          21,
          107,
          23,
          0
        ],
        [
          0,
          1,
          48,
          50,
          0
        ],
        [
          0,
          0,
          2,
          1,
          0
        ]
      ]
    ],
    "emd": [
      0.24311473480945028,
      0.2505400999520889,
      0.24262270572274444
    ],
    "macroEMD": 0.24542584682809454,
    "tail_recall0": [
      0.09259259259259259,
      0.18333333333333335,
      0.0
    ],
    "tail_recall0_average": 0.0919753086419753
  },
  "extra": {
    "static_stats": {
      "static/train/lambda": {
        "mean": 1.0,
        "min": 1.0,
        "max": 1.0
      },
      "static/train/rho": {
        "mean": [
          0.0,
          0.0,
          0.0
        ],
        "min": [
          0.0,
          0.0,
          0.0
        ],
        "max": [
          0.0,
          0.0,
          0.0
        ]
      },
      "static/val/lambda": {
        "mean": 1.0,
        "min": 1.0,
        "max": 1.0
      },
      "static/val/rho": {
        "mean": [
          0.0,
          0.0,
          0.0
        ],
        "min": [
          0.0,
          0.0,
          0.0
        ],
        "max": [
          0.0,
          0.0,
          0.0
        ]
      },
      "static/all/lambda": {
        "mean": 1.0,
        "min": 1.0,
        "max": 1.0
      },
      "static/all/rho": {
        "mean": [
          0.0,
          0.0,
          0.0
        ],
        "min": [
          0.0,
          0.0,
          0.0
        ],
        "max": [
          0.0,
          0.0,
          0.0
        ]
      }
    }
  }
}