{
  "val": {
    "loss": 1.6703243492717699,
    "qwk": [
      0.32584303246594093,
      0.28154404262555266,
      0.2753152216300532
    ],
    "qwk_average": 0.2942340989071823,
    "cm": [
      [
        [
          1,
          1,
          0,
          5,
          0
        ],
        [
          13,
          15,
          46,
          22,
          2
        ],
        [
          5,
          11,
          70,
          64,
          5
        ],
        [
          0,
          1,
          11,
          46,
          1
        ],
        [
          0,
          0,
          0,
          5,
          1
        ]
      ],
      [
        [
          3,
          3,
          1,
          7,
          0
        ],
        [
          6,
          21,
          17,
          38,
          0
        ],
        [
          4,
          20,
          41,
          101,
          0
        ],
        [
          0,
          0,
          6,
          55,
          0
        ],
        [
          0,
          0,
          0,
          2,
          0
        ]
      ],
      [
        [
          0,
          2,
          2,
          1,
          0
        ],
        [
          0,
          40,
          49,
          15,
          0
        ],
        [
          0,
          38,
          107,
          35,
          0
        ],
        [
          0,
          2,
          14,
          20,
          0
        ],
        [
          0,
          0,
          0,
          0,
          0
        ]
      ]
    ],
    "emd": [
      0.26476521187506064,
      0.2595880133554479,
      0.23109884731562344
    ],
    "macroEMD": 0.2518173575153773,
    "tail_recall0": [
      0.15476190476190477,
      0.10714285714285714,
      0.0
    ],
    "tail_recall0_average": 0.08730158730158731
  },
  "extra": {
    "static_stats": {
      "static/train/lambda": {
        "mean": [
          1.0,
          1.0,
          1.0
        ],
        "min": [
          1.0,
          1.0,
          1.0
        ],
        "max": [
          1.0,
          1.0,
          1.0
        ]
      },
      "static/val/lambda": {
        "mean": [
          1.0,
          1.0,
          1.0
        ],
        "min": [
          1.0,
          1.0,
          1.0
        ],
        "max": [
          1.0,
          1.0,
          1.0
        ]
      },
      "static/all/lambda": {
        "mean": [
          1.0,
          1.0,
          1.0
        ],
        "min": [
          1.0,
          1.0,
          1.0
        ],
        "max": [
          1.0,
          1.0,
          1.0
        ]
      }
    }
  }
}