{
  "val": {
    "loss": 1.63803202190751,
    "qwk": [
      0.4093313440933134,
      0.3473616909248185,
      0.35053363360422984
    ],
    "qwk_average": 0.3690755562074539,
    "cm": [
      [
        [
          0,
          3,
          11,
          1,
          0
        ],
        [
          0,
          13,
          56,
          13,
          0
        ],
        [
          0,
          2,
          96,
          56,
          1
        ],
        [
          0,
          0,
          14,
          55,
          4
        ],
        [
          0,
          0,
          2,
          8,
          0
        ]
      ],
      [
        [
          0,
          2,
          5,
          2,
          0
        ],
        [
          0,
          6,
          51,
          18,
          1
        ],
        [
          0,
          2,
          95,
          67,
          0
        ],
        [
          0,
          0,
          11,
          68,
          1
        ],
        [
          0,
          0,
          0,
          6,
          0
        ]
      ],
      [
        [
          0,
          3,
          1,
          0,
          0
        ],
        [
          0,
          9,
          71,
          12,
          0
        ],
        [
          0,
          7,
          126,
          33,
          0
        ],
        [
          0,
          1,
          27,
          44,
          0
        ],
        [
          0,
          0,
          0,
          1,
          0
        ]
      ]
    ],
    "emd": [
      0.2501811631192899,
      0.247267411708726,
      0.21569105808071357
    ],
    "macroEMD": 0.23771321096957646,
    "tail_recall0": [
      0.0,
      0.0,
      0.0
    ],
    "tail_recall0_average": 0.0
  },
  "extra": {
    "static_stats": {
      "static/train/lambda": {
        "mean": [
          1.0,
          1.0,
          1.0
        ],
        "min": [
          1.0,
          1.0,
          1.0
        ],
        "max": [
          1.0,
          1.0,
          1.0
        ]
      },
      "static/train/rho": {
        "mean": [
          0.0,
          0.0,
          0.0
        ],
        "min": [
          0.0,
          0.0,
          0.0
        ],
        "max": [
          0.0,
          0.0,
          0.0
        ]
      },
      "static/val/lambda": {
        "mean": [
          1.0,
          1.0,
          1.0
        ],
        "min": [
          1.0,
          1.0,
          1.0
        ],
        "max": [
          1.0,
          1.0,
          1.0
        ]
      },
      "static/val/rho": {
        "mean": [
          0.0,
          0.0,
          0.0
        ],
        "min": [
          0.0,
          0.0,
          0.0
        ],
        "max": [
          0.0,
          0.0,
          0.0
        ]
      },
      "static/all/lambda": {
        "mean": [
          1.0,
          1.0,
          1.0
        ],
        "min": [
          1.0,
          1.0,
          1.0
        ],
        "max": [
          1.0,
          1.0,
          1.0
        ]
      },
      "static/all/rho": {
        "mean": [
          0.0,
          0.0,
          0.0
        ],
        "min": [
          0.0,
          0.0,
          0.0
        ],
        "max": [
          0.0,
          0.0,
          0.0
        ]
      }
    }
  }
}