{
  "val": {
    "loss": 1.2514914004072388,
    "qwk": [
      0.6123181853411528,
      0.5887888176381584,
      0.5242767589456061
    ],
    "qwk_average": 0.5751279206416391,
    "cm": [
      [
        [
          1,
          7,
          0,
          1,
          0
        ],
        [
          2,
          18,
          30,
          4,
          1
        ],
        [
          0,
          7,
          82,
          33,
          4
        ],
        [
          0,
          0,
          29,
          81,
          6
        ],
        [
          0,
          0,
          1,
          15,
          6
        ]
      ],
      [
        [
          0,
          7,
          3,
          0,
          0
        ],
        [
          1,
          16,
          28,
          7,
          1
        ],
        [
          0,
          10,
          76,
          33,
          0
        ],
        [
          0,
          1,
          26,
          104,
          3
        ],
        [
          0,
          0,
          1,
          9,
          2
        ]
      ],
      [
        [
          0,
          4,
          1,
          0,
          0
        ],
        [
          0,
          22,
          46,
          1,
          0
        ],
        [
          0,
          14,
          116,
          20,
          1
        ],
        [
          0,
          2,
          44,
          56,
          0
        ],
        [
          0,
          0,
          0,
          1,
          0
        ]
      ]
    ],
    "emd": [
      0.18049300402913585,
      0.1980428085076586,
      0.2009401720052688
    ],
    "macroEMD": 0.19315866151402108,
    "tail_recall0": [
      0.1919191919191919,
      0.08333333333333333,
      0.0
    ],
    "tail_recall0_average": 0.09175084175084175
  },
  "extra": {
    "static_stats": {
      "static/train/lambda": {
        "mean": [
          1.0,
          1.0,
          1.0
        ],
        "min": [
          1.0,
          1.0,
          1.0
        ],
        "max": [
          1.0,
          1.0,
          1.0
        ]
      },
      "static/train/rho": {
        "mean": [
          0.0,
          0.0,
          0.0
        ],
        "min": [
          0.0,
          0.0,
          0.0
        ],
        "max": [
          0.0,
          0.0,
          0.0
        ]
      },
      "static/val/lambda": {
        "mean": [
          1.0,
          1.0,
          1.0
        ],
        "min": [
          1.0,
          1.0,
          1.0
        ],
        "max": [
          1.0,
          1.0,
          1.0
        ]
      },
      "static/val/rho": {
        "mean": [
          0.0,
          0.0,
          0.0
        ],
        "min": [
          0.0,
          0.0,
          0.0
        ],
        "max": [
          0.0,
          0.0,
          0.0
        ]
      },
      "static/all/lambda": {
        "mean": [
          1.0,
          1.0,
          1.0
        ],
        "min": [
          1.0,
          1.0,
          1.0
        ],
        "max": [
          1.0,
          1.0,
          1.0
        ]
      },
      "static/all/rho": {
        "mean": [
          0.0,
          0.0,
          0.0
        ],
        "min": [
          0.0,
          0.0,
          0.0
        ],
        "max": [
          0.0,
          0.0,
          0.0
        ]
      }
    }
  }
}