{
  "val": {
    "loss": 10.715055708893646,
    "qwk": [
      0.4854070660522273,
      0.4034488826324124,
      0.4708007730442819
    ],
    "qwk_average": 0.4532189072429739,
    "cm": [
      [
        [
          0,
          1,
          9,
          0,
          0
        ],
        [
          1,
          7,
          28,
          5,
          0
        ],
        [
          1,
          5,
          70,
          45,
          1
        ],
        [
          0,
          0,
          44,
          86,
          11
        ],
        [
          0,
          0,
          1,
          15,
          5
        ]
      ],
      [
        [
          1,
          2,
          8,
          2,
          0
        ],
        [
          0,
          5,
          21,
          13,
          0
        ],
        [
          1,
          13,
          33,
          57,
          0
        ],
        [
          0,
          4,
          23,
          136,
          0
        ],
        [
          0,
          0,
          0,
          15,
          1
        ]
      ],
      [
        [
          0,
          5,
          7,
          0,
          0
        ],
        [
          0,
          7,
          42,
          3,
          0
        ],
        [
          0,
          10,
          97,
          51,
          0
        ],
        [
          0,
          2,
          29,
          79,
          0
        ],
        [
          0,
          0,
          0,
          3,
          0
        ]
      ]
    ],
    "emd": [
      0.372718066698118,
      0.37498478239792843,
      0.3714411851712455
    ],
    "macroEMD": 0.37304801142243066,
    "tail_recall0": [
      0.11904761904761904,
      0.06971153846153846,
      0.0
    ],
    "tail_recall0_average": 0.06291971916971917
  },
  "extra": {
    "static_stats": {
      "static/train/lambda": {
        "mean": 1.0,
        "min": 1.0,
        "max": 1.0
      },
      "static/train/rho": {
        "mean": [
          0.0,
          0.0,
          0.0
        ],
        "min": [
          0.0,
          0.0,
          0.0
        ],
        "max": [
          0.0,
          0.0,
          0.0
        ]
      },
      "static/val/lambda": {
        "mean": 1.0,
        "min": 1.0,
        "max": 1.0
      },
      "static/val/rho": {
        "mean": [
          0.0,
          0.0,
          0.0
        ],
        "min": [
          0.0,
          0.0,
          0.0
        ],
        "max": [
          0.0,
          0.0,
          0.0
        ]
      },
      "static/all/lambda": {
        "mean": 1.0,
        "min": 1.0,
        "max": 1.0
      },
      "static/all/rho": {
        "mean": [
          0.0,
          0.0,
          0.0
        ],
        "min": [
          0.0,
          0.0,
          0.0
        ],
        "max": [
          0.0,
          0.0,
          0.0
        ]
      }
    }
  }
}