{
  "val": {
    "loss": 12.639069144956668,
    "qwk": [
      0.538787023977433,
      0.4710791925465838,
      0.5123302263648468
    ],
    "qwk_average": 0.5073988142962879,
    "cm": [
      [
        [
          1,
          6,
          6,
          0,
          0
        ],
        [
          0,
          7,
          42,
          3,
          0
        ],
        [
          1,
          3,
          89,
          21,
          0
        ],
        [
          0,
          0,
          44,
          95,
          0
        ],
        [
          0,
          0,
          3,
          6,
          0
        ]
      ],
      [
        [
          0,
          2,
          5,
          0,
          0
        ],
        [
          0,
          11,
          37,
          7,
          0
        ],
        [
          0,
          10,
          49,
          55,
          0
        ],
        [
          0,
          2,
          29,
          112,
          0
        ],
        [
          0,
          0,
          1,
          7,
          0
        ]
      ],
      [
        [
          0,
          1,
          5,
          0,
          0
        ],
        [
          0,
          22,
          42,
          1,
          0
        ],
        [
          0,
          17,
          92,
          34,
          0
        ],
        [
          0,
          2,
          39,
          69,
          0
        ],
        [
          0,
          0,
          0,
          3,
          0
        ]
      ]
    ],
    "emd": [
      0.3754702144011167,
      0.37640865571413257,
      0.3699452498466557
    ],
    "macroEMD": 0.373941373320635,
    "tail_recall0": [
      0.038461538461538464,
      0.0,
      0.0
    ],
    "tail_recall0_average": 0.012820512820512822
  },
  "extra": {
    "static_stats": {
      "static/train/lambda": {
        "mean": 1.0,
        "min": 1.0,
        "max": 1.0
      },
      "static/train/rho": {
        "mean": [
          0.0,
          0.0,
          0.0
        ],
        "min": [
          0.0,
          0.0,
          0.0
        ],
        "max": [
          0.0,
          0.0,
          0.0
        ]
      },
      "static/val/lambda": {
        "mean": 1.0,
        "min": 1.0,
        "max": 1.0
      },
      "static/val/rho": {
        "mean": [
          0.0,
          0.0,
          0.0
        ],
        "min": [
          0.0,
          0.0,
          0.0
        ],
        "max": [
          0.0,
          0.0,
          0.0
        ]
      },
      "static/all/lambda": {
        "mean": 1.0,
        "min": 1.0,
        "max": 1.0
      },
      "static/all/rho": {
        "mean": [
          0.0,
          0.0,
          0.0
        ],
        "min": [
          0.0,
          0.0,
          0.0
        ],
        "max": [
          0.0,
          0.0,
          0.0
        ]
      }
    }
  }
}