{
  "val": {
    "loss": 1.1643051729564677,
    "qwk": [
      0.5044036171968408,
      0.5106088205864997,
      0.4943975903614457
    ],
    "qwk_average": 0.5031366760482621,
    "cm": [
      [
        [
          0,
          6,
          7,
          0,
          0
        ],
        [
          0,
          6,
          45,
          1,
          0
        ],
        [
          0,
          3,
          91,
          20,
          0
        ],
        [
          0,
          0,
          48,
          91,
          0
        ],
        [
          0,
          1,
          3,
          5,
          0
        ]
      ],
      [
        [
          0,
          1,
          6,
          0,
          0
        ],
        [
          1,
          11,
          41,
          2,
          0
        ],
        [
          0,
          2,
          70,
          42,
          0
        ],
        [
          0,
          2,
          37,
          104,
          0
        ],
        [
          0,
          0,
          1,
          7,
          0
        ]
      ],
      [
        [
          0,
          2,
          4,
          0,
          0
        ],
        [
          0,
          10,
          55,
          0,
          0
        ],
        [
          0,
          7,
          113,
          23,
          0
        ],
        [
          0,
          0,
          42,
          68,
          0
        ],
        [
          0,
          0,
          2,
          1,
          0
        ]
      ]
    ],
    "emd": [
      0.22975808469790984,
      0.23207812218794968,
      0.2382628748527126
    ],
    "macroEMD": 0.23336636057952406,
    "tail_recall0": [
      0.0,
      0.0,
      0.0
    ],
    "tail_recall0_average": 0.0
  },
  "extra": {
    "static_stats": {
      "static/train/lambda": {
        "mean": [
          1.0,
          1.0,
          1.0
        ],
        "min": [
          1.0,
          1.0,
          1.0
        ],
        "max": [
          1.0,
          1.0,
          1.0
        ]
      },
      "static/val/lambda": {
        "mean": [
          1.0,
          1.0,
          1.0
        ],
        "min": [
          1.0,
          1.0,
          1.0
        ],
        "max": [
          1.0,
          1.0,
          1.0
        ]
      },
      "static/all/lambda": {
        "mean": [
          1.0,
          1.0,
          1.0
        ],
        "min": [
          1.0,
          1.0,
          1.0
        ],
        "max": [
          1.0,
          1.0,
          1.0
        ]
      }
    }
  }
}