{
  "val": {
    "loss": 1.6896318126171626,
    "qwk": [
      0.3730714285714286,
      0.3571649644073043,
      0.32921045824271633
    ],
    "qwk_average": 0.3531489504071497,
    "cm": [
      [
        [
          0,
          3,
          10,
          2,
          0
        ],
        [
          0,
          14,
          55,
          13,
          0
        ],
        [
          0,
          3,
          106,
          46,
          0
        ],
        [
          0,
          0,
          17,
          53,
          3
        ],
        [
          0,
          0,
          5,
          5,
          0
        ]
      ],
      [
        [
          0,
          0,
          7,
          2,
          0
        ],
        [
          0,
          7,
          53,
          16,
          0
        ],
        [
          0,
          2,
          96,
          66,
          0
        ],
        [
          0,
          0,
          11,
          69,
          0
        ],
        [
          0,
          0,
          0,
          6,
          0
        ]
      ],
      [
        [
          0,
          3,
          1,
          0,
          0
        ],
        [
          0,
          7,
          74,
          11,
          0
        ],
        [
          0,
          6,
          116,
          44,
          0
        ],
        [
          0,
          1,
          29,
          42,
          0
        ],
        [
          0,
          0,
          0,
          1,
          0
        ]
      ]
    ],
    "emd": [
      0.2568277669328506,
      0.2502493518981218,
      0.22338760822757311
    ],
    "macroEMD": 0.2434882423528485,
    "tail_recall0": [
      0.0,
      0.0,
      0.0
    ],
    "tail_recall0_average": 0.0
  },
  "extra": {
    "static_stats": {
      "static/train/lambda": {
        "mean": [
          1.0,
          1.0,
          1.0
        ],
        "min": [
          1.0,
          1.0,
          1.0
        ],
        "max": [
          1.0,
          1.0,
          1.0
        ]
      },
      "static/train/rho": {
        "mean": [
          0.0,
          0.0,
          0.0
        ],
        "min": [
          0.0,
          0.0,
          0.0
        ],
        "max": [
          0.0,
          0.0,
          0.0
        ]
      },
      "static/val/lambda": {
        "mean": [
          1.0,
          1.0,
          1.0
        ],
        "min": [
          1.0,
          1.0,
          1.0
        ],
        "max": [
          1.0,
          1.0,
          1.0
        ]
      },
      "static/val/rho": {
        "mean": [
          0.0,
          0.0,
          0.0
        ],
        "min": [
          0.0,
          0.0,
          0.0
        ],
        "max": [
          0.0,
          0.0,
          0.0
        ]
      },
      "static/all/lambda": {
        "mean": [
          1.0,
          1.0,
          1.0
        ],
        "min": [
          1.0,
          1.0,
          1.0
        ],
        "max": [
          1.0,
          1.0,
          1.0
        ]
      },
      "static/all/rho": {
        "mean": [
          0.0,
          0.0,
          0.0
        ],
        "min": [
          0.0,
          0.0,
          0.0
        ],
        "max": [
          0.0,
          0.0,
          0.0
        ]
      }
    }
  }
}