{
  "val": {
    "loss": 7.075837615282714,
    "qwk": [
      0.5922847809377403,
      0.6461587335204109,
      0.5884384010251664
    ],
    "qwk_average": 0.6089606384944392,
    "cm": [
      [
        [
          2,
          3,
          3,
          1,
          0
        ],
        [
          2,
          20,
          29,
          3,
          1
        ],
        [
          2,
          12,
          79,
          25,
          7
        ],
        [
          0,
          0,
          25,
          83,
          8
        ],
        [
          0,
          0,
          3,
          13,
          7
        ]
      ],
      [
        [
          1,
          3,
          5,
          0,
          0
        ],
        [
          1,
          25,
          22,
          3,
          1
        ],
        [
          0,
          24,
          72,
          25,
          0
        ],
        [
          0,
          2,
          20,
          105,
          7
        ],
        [
          0,
          0,
          1,
          8,
          3
        ]
      ],
      [
        [
          1,
          2,
          2,
          0,
          0
        ],
        [
          1,
          24,
          42,
          2,
          0
        ],
        [
          0,
          16,
          110,
          24,
          1
        ],
        [
          0,
          0,
          33,
          67,
          1
        ],
        [
          0,
          0,
          0,
          2,
          0
        ]
      ]
    ],
    "emd": [
      0.22941913078712695,
      0.24474134850942195,
      0.23274872477976763
    ],
    "macroEMD": 0.23563640135877217,
    "tail_recall0": [
      0.2632850241545894,
      0.18055555555555555,
      0.1
    ],
    "tail_recall0_average": 0.18128019323671496
  },
  "extra": {
    "static_stats": {
      "static/train/lambda": {
        "mean": 1.0,
        "min": 1.0,
        "max": 1.0
      },
      "static/train/rho": {
        "mean": [
          0.0,
          0.0,
          0.0
        ],
        "min": [
          0.0,
          0.0,
          0.0
        ],
        "max": [
          0.0,
          0.0,
          0.0
        ]
      },
      "static/val/lambda": {
        "mean": 1.0,
        "min": 1.0,
        "max": 1.0
      },
      "static/val/rho": {
        "mean": [
          0.0,
          0.0,
          0.0
        ],
        "min": [
          0.0,
          0.0,
          0.0
        ],
        "max": [
          0.0,
          0.0,
          0.0
        ]
      },
      "static/all/lambda": {
        "mean": 1.0,
        "min": 1.0,
        "max": 1.0
      },
      "static/all/rho": {
        "mean": [
          0.0,
          0.0,
          0.0
        ],
        "min": [
          0.0,
          0.0,
          0.0
        ],
        "max": [
          0.0,
          0.0,
          0.0
        ]
      }
    }
  }
}