{
  "val": {
    "loss": 1.5254519238878328,
    "qwk": [
      0.18688813821890393,
      0.32463612473863623,
      0.3686006825938567
    ],
    "qwk_average": 0.2933749818504656,
    "cm": [
      [
        [
          0,
          3,
          1,
          0,
          0
        ],
        [
          0,
          3,
          11,
          1,
          0
        ],
        [
          0,
          8,
          51,
          19,
          0
        ],
        [
          0,
          3,
          86,
          70,
          3
        ],
        [
          0,
          3,
          38,
          22,
          1
        ]
      ],
      [
        [
          1,
          2,
          3,
          0,
          0
        ],
        [
          0,
          8,
          8,
          0,
          0
        ],
        [
          0,
          10,
          46,
          10,
          0
        ],
        [
          0,
          3,
          122,
          80,
          0
        ],
        [
          0,
          0,
          17,
          13,
          0
        ]
      ],
      [
        [
          0,
          0,
          1,
          0,
          0
        ],
        [
          0,
          17,
          12,
          0,
          0
        ],
        [
          0,
          15,
          91,
          5,
          0
        ],
        [
          0,
          5,
          128,
          48,
          0
        ],
        [
          0,
          0,
          0,
          1,
          0
        ]
      ]
    ],
    "emd": [
      0.3218591826272253,
      0.32319359417991844,
      0.3006839229242503
    ],
    "macroEMD": 0.3152455665771314,
    "tail_recall0": [
      0.0078125,
      0.08333333333333333,
      0.0
    ],
    "tail_recall0_average": 0.030381944444444444
  },
  "extra": {
    "static_stats": {
      "static/train/lambda": {
        "mean": [
          1.0,
          1.0,
          1.0
        ],
        "min": [
          1.0,
          1.0,
          1.0
        ],
        "max": [
          1.0,
          1.0,
          1.0
        ]
      },
      "static/train/rho": {
        "mean": [
          0.0,
          0.0,
          0.0
        ],
        "min": [
          0.0,
          0.0,
          0.0
        ],
        "max": [
          0.0,
          0.0,
          0.0
        ]
      },
      "static/val/lambda": {
        "mean": [
          1.0,
          1.0,
          1.0
        ],
        "min": [
          1.0,
          1.0,
          1.0
        ],
        "max": [
          1.0,
          1.0,
          1.0
        ]
      },
      "static/val/rho": {
        "mean": [
          0.0,
          0.0,
          0.0
        ],
        "min": [
          0.0,
          0.0,
          0.0
        ],
        "max": [
          0.0,
          0.0,
          0.0
        ]
      },
      "static/all/lambda": {
        "mean": [
          1.0,
          1.0,
          1.0
        ],
        "min": [
          1.0,
          1.0,
          1.0
        ],
        "max": [
          1.0,
          1.0,
          1.0
        ]
      },
      "static/all/rho": {
        "mean": [
          0.0,
          0.0,
          0.0
        ],
        "min": [
          0.0,
          0.0,
          0.0
        ],
        "max": [
          0.0,
          0.0,
          0.0
        ]
      }
    }
  }
}