{
  "val": {
    "loss": 2.144413179023306,
    "qwk": [
      0.5902807879400858,
      0.5916342397636327,
      0.5441166633219614
    ],
    "qwk_average": 0.5753438970085599,
    "cm": [
      [
        [
          1,
          5,
          4,
          0,
          0
        ],
        [
          0,
          20,
          31,
          4,
          0
        ],
        [
          0,
          7,
          83,
          35,
          0
        ],
        [
          0,
          1,
          34,
          77,
          4
        ],
        [
          0,
          0,
          3,
          17,
          3
        ]
      ],
      [
        [
          1,
          4,
          3,
          1,
          0
        ],
        [
          0,
          21,
          28,
          4,
          0
        ],
        [
          0,
          10,
          84,
          28,
          0
        ],
        [
          0,
          2,
          33,
          98,
          0
        ],
        [
          0,
          0,
          1,
          11,
          0
        ]
      ],
      [
        [
          1,
          1,
          2,
          0,
          0
        ],
        [
          0,
          29,
          39,
          1,
          0
        ],
        [
          0,
          16,
          114,
          22,
          0
        ],
        [
          0,
          1,
          49,
          52,
          0
        ],
        [
          0,
          0,
          0,
          2,
          0
        ]
      ]
    ],
    "emd": [
      0.18673262934195106,
      0.1886281918593537,
      0.1814510989620459
    ],
    "macroEMD": 0.18560397338778356,
    "tail_recall0": [
      0.11521739130434783,
      0.05555555555555555,
      0.125
    ],
    "tail_recall0_average": 0.09859098228663447
  },
  "extra": {
    "static_stats": {}
  }
}