{
  "val": {
    "loss": 1.2412092695064887,
    "qwk": [
      0.42756949757714857,
      0.3389352705193538,
      0.3615870066939275
    ],
    "qwk_average": 0.37603059159681,
    "cm": [
      [
        [
          0,
          6,
          8,
          1,
          0
        ],
        [
          0,
          16,
          50,
          16,
          0
        ],
        [
          0,
          7,
          87,
          58,
          3
        ],
        [
          0,
          0,
          14,
          55,
          4
        ],
        [
          0,
          0,
          1,
          8,
          1
        ]
      ],
      [
        [
          0,
          1,
          6,
          2,
          0
        ],
        [
          0,
          7,
          50,
          19,
          0
        ],
        [
          0,
          7,
          75,
          82,
          0
        ],
        [
          0,
          0,
          9,
          71,
          0
        ],
        [
          0,
          0,
          0,
          6,
          0
        ]
      ],
      [
        [
          0,
          3,
          1,
          0,
          0
        ],
        [
          0,
          9,
          71,
          12,
          0
        ],
        [
          0,
          11,
          122,
          33,
          0
        ],
        [
          0,
          1,
          24,
          47,
          0
        ],
        [
          0,
          0,
          0,
          1,
          0
        ]
      ]
    ],
    "emd": [
      0.3165002966124625,
      0.3167415411393276,
      0.2896962351888112
    ],
    "macroEMD": 0.3076460243135338,
    "tail_recall0": [
      0.05,
      0.0,
      0.0
    ],
    "tail_recall0_average": 0.016666666666666666
  },
  "extra": {
    "static_stats": {
      "static/train/lambda": {
        "mean": [
          1.0,
          1.0,
          1.0
        ],
        "min": [
          1.0,
          1.0,
          1.0
        ],
        "max": [
          1.0,
          1.0,
          1.0
        ]
      },
      "static/train/rho": {
        "mean": [
          0.0,
          0.0,
          0.0
        ],
        "min": [
          0.0,
          0.0,
          0.0
        ],
        "max": [
          0.0,
          0.0,
          0.0
        ]
      },
      "static/val/lambda": {
        "mean": [
          1.0,
          1.0,
          1.0
        ],
        "min": [
          1.0,
          1.0,
          1.0
        ],
        "max": [
          1.0,
          1.0,
          1.0
        ]
      },
      "static/val/rho": {
        "mean": [
          0.0,
          0.0,
          0.0
        ],
        "min": [
          0.0,
          0.0,
          0.0
        ],
        "max": [
          0.0,
          0.0,
          0.0
        ]
      },
      "static/all/lambda": {
        "mean": [
          1.0,
          1.0,
          1.0
        ],
        "min": [
          1.0,
          1.0,
          1.0
        ],
        "max": [
          1.0,
          1.0,
          1.0
        ]
      },
      "static/all/rho": {
        "mean": [
          0.0,
          0.0,
          0.0
        ],
        "min": [
          0.0,
          0.0,
          0.0
        ],
        "max": [
          0.0,
          0.0,
          0.0
        ]
      }
    }
  }
}