{
  "val": {
    "loss": 10.137475416026131,
    "qwk": [
      0.21949787710412438,
      0.2930619391551762,
      0.28524970963995355
    ],
    "qwk_average": 0.2659365086330847,
    "cm": [
      [
        [
          1,
          2,
          1,
          0,
          0
        ],
        [
          0,
          5,
          10,
          0,
          0
        ],
        [
          0,
          5,
          58,
          13,
          2
        ],
        [
          0,
          7,
          88,
          63,
          4
        ],
        [
          0,
          2,
          38,
          22,
          2
        ]
      ],
      [
        [
          1,
          3,
          2,
          0,
          0
        ],
        [
          0,
          4,
          10,
          2,
          0
        ],
        [
          0,
          10,
          39,
          17,
          0
        ],
        [
          0,
          4,
          112,
          88,
          1
        ],
        [
          0,
          0,
          15,
          15,
          0
        ]
      ],
      [
        [
          0,
          1,
          0,
          0,
          0
        ],
        [
          0,
          10,
          19,
          0,
          0
        ],
        [
          0,
          4,
          104,
          3,
          0
        ],
        [
          0,
          2,
          145,
          34,
          0
        ],
        [
          0,
          0,
          0,
          1,
          0
        ]
      ]
    ],
    "emd": [
      0.3760990592037521,
      0.3764567679560596,
      0.3774760094308649
    ],
    "macroEMD": 0.37667727886355884,
    "tail_recall0": [
      0.140625,
      0.08333333333333333,
      0.0
    ],
    "tail_recall0_average": 0.07465277777777778
  },
  "extra": {
    "static_stats": {
      "static/train/lambda": {
        "mean": 1.0,
        "min": 1.0,
        "max": 1.0
      },
      "static/train/rho": {
        "mean": [
          0.0,
          0.0,
          0.0
        ],
        "min": [
          0.0,
          0.0,
          0.0
        ],
        "max": [
          0.0,
          0.0,
          0.0
        ]
      },
      "static/val/lambda": {
        "mean": 1.0,
        "min": 1.0,
        "max": 1.0
      },
      "static/val/rho": {
        "mean": [
          0.0,
          0.0,
          0.0
        ],
        "min": [
          0.0,
          0.0,
          0.0
        ],
        "max": [
          0.0,
          0.0,
          0.0
        ]
      },
      "static/all/lambda": {
        "mean": 1.0,
        "min": 1.0,
        "max": 1.0
      },
      "static/all/rho": {
        "mean": [
          0.0,
          0.0,
          0.0
        ],
        "min": [
          0.0,
          0.0,
          0.0
        ],
        "max": [
          0.0,
          0.0,
          0.0
        ]
      }
    }
  }
}