{
  "val": {
    "loss": 10.312390744280982,
    "qwk": [
      0.4354433373739762,
      0.48905521818952125,
      0.4169058420516619
    ],
    "qwk_average": 0.4471347992050531,
    "cm": [
      [
        [
          0,
          1,
          8,
          1,
          0
        ],
        [
          0,
          7,
          31,
          3,
          0
        ],
        [
          1,
          4,
          90,
          26,
          1
        ],
        [
          0,
          0,
          52,
          82,
          7
        ],
        [
          1,
          0,
          5,
          10,
          5
        ]
      ],
      [
        [
          0,
          5,
          6,
          2,
          0
        ],
        [
          0,
          11,
          18,
          10,
          0
        ],
        [
          0,
          15,
          39,
          50,
          0
        ],
        [
          0,
          1,
          26,
          136,
          0
        ],
        [
          0,
          0,
          0,
          16,
          0
        ]
      ],
      [
        [
          0,
          5,
          7,
          0,
          0
        ],
        [
          0,
          5,
          45,
          2,
          0
        ],
        [
          0,
          6,
          118,
          34,
          0
        ],
        [
          0,
          3,
          44,
          63,
          0
        ],
        [
          0,
          0,
          1,
          2,
          0
        ]
      ]
    ],
    "emd": [
      0.37555343965838195,
      0.3742054799279514,
      0.37514594653677885
    ],
    "macroEMD": 0.3749682887077041,
    "tail_recall0": [
      0.11904761904761904,
      0.0,
      0.0
    ],
    "tail_recall0_average": 0.03968253968253968
  },
  "extra": {
    "static_stats": {
      "static/train/lambda": {
        "mean": 1.0,
        "min": 1.0,
        "max": 1.0
      },
      "static/train/rho": {
        "mean": [
          0.0,
          0.0,
          0.0
        ],
        "min": [
          0.0,
          0.0,
          0.0
        ],
        "max": [
          0.0,
          0.0,
          0.0
        ]
      },
      "static/val/lambda": {
        "mean": 1.0,
        "min": 1.0,
        "max": 1.0
      },
      "static/val/rho": {
        "mean": [
          0.0,
          0.0,
          0.0
        ],
        "min": [
          0.0,
          0.0,
          0.0
        ],
        "max": [
          0.0,
          0.0,
          0.0
        ]
      },
      "static/all/lambda": {
        "mean": 1.0,
        "min": 1.0,
        "max": 1.0
      },
      "static/all/rho": {
        "mean": [
          0.0,
          0.0,
          0.0
        ],
        "min": [
          0.0,
          0.0,
          0.0
        ],
        "max": [
          0.0,
          0.0,
          0.0
        ]
      }
    }
  }
}