{
  "val": {
    "loss": 2.598698255249778,
    "qwk": [
      0.4759926405127901,
      0.4842409174753387,
      0.5176991150442478
    ],
    "qwk_average": 0.4926442243441255,
    "cm": [
      [
        [
          0,
          5,
          8,
          0,
          0
        ],
        [
          0,
          5,
          45,
          2,
          0
        ],
        [
          0,
          4,
          90,
          20,
          0
        ],
        [
          0,
          0,
          52,
          87,
          0
        ],
        [
          0,
          1,
          2,
          6,
          0
        ]
      ],
      [
        [
          0,
          1,
          6,
          0,
          0
        ],
        [
          0,
          7,
          45,
          3,
          0
        ],
        [
          0,
          1,
          72,
          41,
          0
        ],
        [
          0,
          1,
          38,
          104,
          0
        ],
        [
          0,
          0,
          1,
          7,
          0
        ]
      ],
      [
        [
          0,
          1,
          5,
          0,
          0
        ],
        [
          0,
          14,
          51,
          0,
          0
        ],
        [
          0,
          7,
          107,
          29,
          0
        ],
        [
          0,
          0,
          41,
          69,
          0
        ],
        [
          0,
          0,
          0,
          3,
          0
        ]
      ]
    ],
    "emd": [
      0.22891902897693983,
      0.22556896059953688,
      0.21058916070883385
    ],
    "macroEMD": 0.22169238342843686,
    "tail_recall0": [
      0.0,
      0.0,
      0.0
    ],
    "tail_recall0_average": 0.0
  },
  "extra": {
    "static_stats": {}
  }
}