{
  "val": {
    "loss": 1.1154144853430796,
    "qwk": [
      0.6727159338946055,
      0.5515811164240615,
      0.5925248904112019
    ],
    "qwk_average": 0.605607313576623,
    "cm": [
      [
        [
          1,
          7,
          1,
          0,
          0
        ],
        [
          3,
          21,
          26,
          5,
          0
        ],
        [
          0,
          11,
          82,
          31,
          2
        ],
        [
          0,
          1,
          24,
          85,
          6
        ],
        [
          0,
          0,
          1,
          12,
          9
        ]
      ],
      [
        [
          0,
          8,
          0,
          2,
          0
        ],
        [
          4,
          18,
          21,
          10,
          0
        ],
        [
          0,
          15,
          59,
          44,
          1
        ],
        [
          0,
          6,
          15,
          111,
          2
        ],
        [
          0,
          0,
          0,
          12,
          0
        ]
      ],
      [
        [
          1,
          4,
          0,
          0,
          0
        ],
        [
          0,
          29,
          39,
          1,
          0
        ],
        [
          0,
          23,
          105,
          23,
          0
        ],
        [
          0,
          3,
          34,
          65,
          0
        ],
        [
          0,
          0,
          0,
          1,
          0
        ]
      ]
    ],
    "emd": [
      0.2764476088771393,
      0.28599040313577584,
      0.2785504973631046
    ],
    "macroEMD": 0.28032950312533994,
    "tail_recall0": [
      0.2601010101010101,
      0.0,
      0.1
    ],
    "tail_recall0_average": 0.12003367003367005
  },
  "extra": {
    "static_stats": {
      "static/train/lambda": {
        "mean": [
          1.0,
          1.0,
          1.0
        ],
        "min": [
          1.0,
          1.0,
          1.0
        ],
        "max": [
          1.0,
          1.0,
          1.0
        ]
      },
      "static/train/rho": {
        "mean": [
          0.0,
          0.0,
          0.0
        ],
        "min": [
          0.0,
          0.0,
          0.0
        ],
        "max": [
          0.0,
          0.0,
          0.0
        ]
      },
      "static/val/lambda": {
        "mean": [
          1.0,
          1.0,
          1.0
        ],
        "min": [
          1.0,
          1.0,
          1.0
        ],
        "max": [
          1.0,
          1.0,
          1.0
        ]
      },
      "static/val/rho": {
        "mean": [
          0.0,
          0.0,
          0.0
        ],
        "min": [
          0.0,
          0.0,
          0.0
        ],
        "max": [
          0.0,
          0.0,
          0.0
        ]
      },
      "static/all/lambda": {
        "mean": [
          1.0,
          1.0,
          1.0
        ],
        "min": [
          1.0,
          1.0,
          1.0
        ],
        "max": [
          1.0,
          1.0,
          1.0
        ]
      },
      "static/all/rho": {
        "mean": [
          0.0,
          0.0,
          0.0
        ],
        "min": [
          0.0,
          0.0,
          0.0
        ],
        "max": [
          0.0,
          0.0,
          0.0
        ]
      }
    }
  }
}