{
  "val": {
    "loss": 1.378187162316393,
    "qwk": [
      0.6326734903275858,
      0.6499293186316087,
      0.6247584827632962
    ],
    "qwk_average": 0.6357870972408303,
    "cm": [
      [
        [
          1,
          3,
          5,
          0,
          0
        ],
        [
          1,
          28,
          24,
          1,
          1
        ],
        [
          0,
          11,
          86,
          24,
          4
        ],
        [
          0,
          0,
          28,
          81,
          7
        ],
        [
          0,
          1,
          3,
          11,
          8
        ]
      ],
      [
        [
          2,
          2,
          5,
          0,
          0
        ],
        [
          2,
          20,
          24,
          6,
          0
        ],
        [
          0,
          11,
          70,
          40,
          0
        ],
        [
          0,
          0,
          12,
          120,
          2
        ],
        [
          0,
          0,
          1,
          10,
          1
        ]
      ],
      [
        [
          1,
          2,
          2,
          0,
          0
        ],
        [
          0,
          34,
          34,
          1,
          0
        ],
        [
          0,
          27,
          99,
          25,
          0
        ],
        [
          0,
          1,
          29,
          71,
          0
        ],
        [
          0,
          0,
          0,
          2,
          0
        ]
      ]
    ],
    "emd": [
      0.2890854396459598,
      0.28708374735698305,
      0.27194118324049055
    ],
    "macroEMD": 0.2827034567478111,
    "tail_recall0": [
      0.22946859903381642,
      0.15277777777777776,
      0.1
    ],
    "tail_recall0_average": 0.1607487922705314
  },
  "extra": {
    "static_stats": {
      "static/train/lambda": {
        "mean": [
          1.0,
          1.0,
          1.0
        ],
        "min": [
          1.0,
          1.0,
          1.0
        ],
        "max": [
          1.0,
          1.0,
          1.0
        ]
      },
      "static/train/rho": {
        "mean": [
          0.0,
          0.0,
          0.0
        ],
        "min": [
          0.0,
          0.0,
          0.0
        ],
        "max": [
          0.0,
          0.0,
          0.0
        ]
      },
      "static/val/lambda": {
        "mean": [
          1.0,
          1.0,
          1.0
        ],
        "min": [
          1.0,
          1.0,
          1.0
        ],
        "max": [
          1.0,
          1.0,
          1.0
        ]
      },
      "static/val/rho": {
        "mean": [
          0.0,
          0.0,
          0.0
        ],
        "min": [
          0.0,
          0.0,
          0.0
        ],
        "max": [
          0.0,
          0.0,
          0.0
        ]
      },
      "static/all/lambda": {
        "mean": [
          1.0,
          1.0,
          1.0
        ],
        "min": [
          1.0,
          1.0,
          1.0
        ],
        "max": [
          1.0,
          1.0,
          1.0
        ]
      },
      "static/all/rho": {
        "mean": [
          0.0,
          0.0,
          0.0
        ],
        "min": [
          0.0,
          0.0,
          0.0
        ],
        "max": [
          0.0,
          0.0,
          0.0
        ]
      }
    }
  }
}