{
  "val": {
    "loss": 1.3971840673414964,
    "qwk": [
      0.5954516625894717,
      0.5636416059972609,
      0.5858039577274984
    ],
    "qwk_average": 0.5816324087714103,
    "cm": [
      [
        [
          0,
          6,
          3,
          1,
          0
        ],
        [
          1,
          16,
          35,
          3,
          0
        ],
        [
          2,
          7,
          78,
          37,
          1
        ],
        [
          0,
          1,
          23,
          83,
          9
        ],
        [
          0,
          0,
          1,
          19,
          3
        ]
      ],
      [
        [
          0,
          6,
          2,
          1,
          0
        ],
        [
          0,
          17,
          26,
          10,
          0
        ],
        [
          1,
          14,
          63,
          44,
          0
        ],
        [
          0,
          0,
          14,
          118,
          1
        ],
        [
          0,
          0,
          2,
          10,
          0
        ]
      ],
      [
        [
          0,
          3,
          2,
          0,
          0
        ],
        [
          0,
          28,
          40,
          1,
          0
        ],
        [
          0,
          15,
          104,
          33,
          0
        ],
        [
          0,
          2,
          29,
          70,
          0
        ],
        [
          0,
          0,
          0,
          2,
          0
        ]
      ]
    ],
    "emd": [
      0.29548913327478216,
      0.2923883895743077,
      0.2808178837302829
    ],
    "macroEMD": 0.2895651355264576,
    "tail_recall0": [
      0.06521739130434782,
      0.0,
      0.0
    ],
    "tail_recall0_average": 0.021739130434782608
  },
  "extra": {
    "static_stats": {
      "static/train/lambda": {
        "mean": [
          1.0,
          1.0,
          1.0
        ],
        "min": [
          1.0,
          1.0,
          1.0
        ],
        "max": [
          1.0,
          1.0,
          1.0
        ]
      },
      "static/train/rho": {
        "mean": [
          0.0,
          0.0,
          0.0
        ],
        "min": [
          0.0,
          0.0,
          0.0
        ],
        "max": [
          0.0,
          0.0,
          0.0
        ]
      },
      "static/val/lambda": {
        "mean": [
          1.0,
          1.0,
          1.0
        ],
        "min": [
          1.0,
          1.0,
          1.0
        ],
        "max": [
          1.0,
          1.0,
          1.0
        ]
      },
      "static/val/rho": {
        "mean": [
          0.0,
          0.0,
          0.0
        ],
        "min": [
          0.0,
          0.0,
          0.0
        ],
        "max": [
          0.0,
          0.0,
          0.0
        ]
      },
      "static/all/lambda": {
        "mean": [
          1.0,
          1.0,
          1.0
        ],
        "min": [
          1.0,
          1.0,
          1.0
        ],
        "max": [
          1.0,
          1.0,
          1.0
        ]
      },
      "static/all/rho": {
        "mean": [
          0.0,
          0.0,
          0.0
        ],
        "min": [
          0.0,
          0.0,
          0.0
        ],
        "max": [
          0.0,
          0.0,
          0.0
        ]
      }
    }
  }
}