{
  "val": {
    "loss": 10.635729823352468,
    "qwk": [
      0.5912937705427159,
      0.5738279942363952,
      0.6215587536105929
    ],
    "qwk_average": 0.595560172796568,
    "cm": [
      [
        [
          2,
          4,
          3,
          1,
          0
        ],
        [
          1,
          14,
          36,
          4,
          0
        ],
        [
          0,
          10,
          79,
          35,
          1
        ],
        [
          0,
          0,
          31,
          75,
          10
        ],
        [
          0,
          0,
          2,
          16,
          5
        ]
      ],
      [
        [
          1,
          5,
          3,
          0,
          0
        ],
        [
          1,
          14,
          26,
          12,
          0
        ],
        [
          2,
          8,
          71,
          41,
          0
        ],
        [
          0,
          0,
          17,
          116,
          0
        ],
        [
          0,
          0,
          0,
          12,
          0
        ]
      ],
      [
        [
          0,
          4,
          1,
          0,
          0
        ],
        [
          0,
          31,
          38,
          0,
          0
        ],
        [
          0,
          16,
          95,
          41,
          0
        ],
        [
          0,
          1,
          26,
          74,
          0
        ],
        [
          0,
          0,
          0,
          2,
          0
        ]
      ]
    ],
    "emd": [
      0.37097316030139155,
      0.37052135328524644,
      0.3677361971014371
    ],
    "macroEMD": 0.3697435702293584,
    "tail_recall0": [
      0.20869565217391306,
      0.05555555555555555,
      0.0
    ],
    "tail_recall0_average": 0.08808373590982288
  },
  "extra": {
    "static_stats": {
      "static/train/lambda": {
        "mean": 1.0,
        "min": 1.0,
        "max": 1.0
      },
      "static/train/rho": {
        "mean": [
          0.0,
          0.0,
          0.0
        ],
        "min": [
          0.0,
          0.0,
          0.0
        ],
        "max": [
          0.0,
          0.0,
          0.0
        ]
      },
      "static/val/lambda": {
        "mean": 1.0,
        "min": 1.0,
        "max": 1.0
      },
      "static/val/rho": {
        "mean": [
          0.0,
          0.0,
          0.0
        ],
        "min": [
          0.0,
          0.0,
          0.0
        ],
        "max": [
          0.0,
          0.0,
          0.0
        ]
      },
      "static/all/lambda": {
        "mean": 1.0,
        "min": 1.0,
        "max": 1.0
      },
      "static/all/rho": {
        "mean": [
          0.0,
          0.0,
          0.0
        ],
        "min": [
          0.0,
          0.0,
          0.0
        ],
        "max": [
          0.0,
          0.0,
          0.0
        ]
      }
    }
  }
}