{
  "val": {
    "loss": 1.0847189100105554,
    "qwk": [
      0.6348079570298794,
      0.6502104424980093,
      0.6365870917284273
    ],
    "qwk_average": 0.6405351637521054,
    "cm": [
      [
        [
          3,
          2,
          4,
          0,
          0
        ],
        [
          1,
          19,
          31,
          4,
          0
        ],
        [
          0,
          12,
          94,
          18,
          1
        ],
        [
          0,
          0,
          28,
          83,
          5
        ],
        [
          0,
          0,
          4,
          16,
          3
        ]
      ],
      [
        [
          1,
          3,
          5,
          0,
          0
        ],
        [
          1,
          24,
          22,
          4,
          1
        ],
        [
          0,
          16,
          79,
          26,
          0
        ],
        [
          0,
          0,
          19,
          112,
          3
        ],
        [
          0,
          0,
          1,
          11,
          0
        ]
      ],
      [
        [
          1,
          2,
          2,
          0,
          0
        ],
        [
          0,
          28,
          41,
          0,
          0
        ],
        [
          0,
          17,
          119,
          15,
          0
        ],
        [
          0,
          0,
          34,
          67,
          0
        ],
        [
          0,
          0,
          0,
          2,
          0
        ]
      ]
    ],
    "emd": [
      0.19517487739318934,
      0.20147893105607922,
      0.18639172159949746
    ],
    "macroEMD": 0.19434851001625533,
    "tail_recall0": [
      0.23188405797101447,
      0.05555555555555555,
      0.1
    ],
    "tail_recall0_average": 0.12914653784219002
  },
  "extra": {
    "static_stats": {
      "static/train/lambda": {
        "mean": [
          1.0,
          1.0,
          1.0
        ],
        "min": [
          1.0,
          1.0,
          1.0
        ],
        "max": [
          1.0,
          1.0,
          1.0
        ]
      },
      "static/train/rho": {
        "mean": [
          0.0,
          0.0,
          0.0
        ],
        "min": [
          0.0,
          0.0,
          0.0
        ],
        "max": [
          0.0,
          0.0,
          0.0
        ]
      },
      "static/val/lambda": {
        "mean": [
          1.0,
          1.0,
          1.0
        ],
        "min": [
          1.0,
          1.0,
          1.0
        ],
        "max": [
          1.0,
          1.0,
          1.0
        ]
      },
      "static/val/rho": {
        "mean": [
          0.0,
          0.0,
          0.0
        ],
        "min": [
          0.0,
          0.0,
          0.0
        ],
        "max": [
          0.0,
          0.0,
          0.0
        ]
      },
      "static/all/lambda": {
        "mean": [
          1.0,
          1.0,
          1.0
        ],
        "min": [
          1.0,
          1.0,
          1.0
        ],
        "max": [
          1.0,
          1.0,
          1.0
        ]
      },
      "static/all/rho": {
        "mean": [
          0.0,
          0.0,
          0.0
        ],
        "min": [
          0.0,
          0.0,
          0.0
        ],
        "max": [
          0.0,
          0.0,
          0.0
        ]
      }
    }
  }
}