{
  "val": {
    "loss": 7.0434709166433285,
    "qwk": [
      0.5512252389298589,
      0.5377299304875907,
      0.5086565792873754
    ],
    "qwk_average": 0.532537249568275,
    "cm": [
      [
        [
          0,
          8,
          5,
          0,
          0
        ],
        [
          1,
          8,
          42,
          1,
          0
        ],
        [
          0,
          4,
          97,
          13,
          0
        ],
        [
          0,
          0,
          55,
          83,
          1
        ],
        [
          0,
          0,
          3,
          6,
          0
        ]
      ],
      [
        [
          0,
          3,
          4,
          0,
          0
        ],
        [
          0,
          11,
          43,
          1,
          0
        ],
        [
          0,
          6,
          65,
          43,
          0
        ],
        [
          0,
          1,
          37,
          103,
          2
        ],
        [
          0,
          0,
          1,
          7,
          0
        ]
      ],
      [
        [
          0,
          0,
          6,
          0,
          0
        ],
        [
          0,
          12,
          53,
          0,
          0
        ],
        [
          0,
          8,
          102,
          33,
          0
        ],
        [
          0,
          0,
          36,
          74,
          0
        ],
        [
          0,
          0,
          0,
          3,
          0
        ]
      ]
    ],
    "emd": [
      0.24044962543555407,
      0.26493586729868823,
      0.25605079538848874
    ],
    "macroEMD": 0.2538120960409103,
    "tail_recall0": [
      0.0,
      0.0,
      0.0
    ],
    "tail_recall0_average": 0.0
  },
  "extra": {
    "static_stats": {
      "static/train/lambda": {
        "mean": 1.0,
        "min": 1.0,
        "max": 1.0
      },
      "static/val/lambda": {
        "mean": 1.0,
        "min": 1.0,
        "max": 1.0
      },
      "static/all/lambda": {
        "mean": 1.0,
        "min": 1.0,
        "max": 1.0
      }
    }
  }
}