{
  "val": {
    "loss": 5.151789204422786,
    "qwk": [
      0.5293320425943853,
      0.5024533856722276,
      0.5352567199366172
    ],
    "qwk_average": 0.52234738273441,
    "cm": [
      [
        [
          0,
          6,
          2,
          0,
          0
        ],
        [
          0,
          10,
          24,
          6,
          0
        ],
        [
          0,
          9,
          76,
          43,
          0
        ],
        [
          0,
          0,
          40,
          81,
          1
        ],
        [
          0,
          0,
          3,
          20,
          4
        ]
      ],
      [
        [
          1,
          3,
          2,
          0,
          0
        ],
        [
          0,
          15,
          26,
          7,
          0
        ],
        [
          2,
          9,
          65,
          35,
          2
        ],
        [
          0,
          2,
          45,
          98,
          3
        ],
        [
          0,
          0,
          2,
          6,
          2
        ]
      ],
      [
        [
          0,
          1,
          0,
          0,
          0
        ],
        [
          0,
          31,
          39,
          1,
          0
        ],
        [
          0,
          26,
          103,
          22,
          0
        ],
        [
          0,
          1,
          46,
          52,
          0
        ],
        [
          0,
          0,
          1,
          2,
          0
        ]
      ]
    ],
    "emd": [
      0.2287967601578535,
      0.24579635828967678,
      0.23374178961437825
    ],
    "macroEMD": 0.2361116360206362,
    "tail_recall0": [
      0.07407407407407407,
      0.18333333333333335,
      0.0
    ],
    "tail_recall0_average": 0.08580246913580247
  },
  "extra": {
    "static_stats": {
      "static/train/lambda": {
        "mean": 1.0,
        "min": 1.0,
        "max": 1.0
      },
      "static/val/lambda": {
        "mean": 1.0,
        "min": 1.0,
        "max": 1.0
      },
      "static/all/lambda": {
        "mean": 1.0,
        "min": 1.0,
        "max": 1.0
      }
    }
  }
}