{
  "val": {
    "loss": 1.8570637125922522,
    "qwk": [
      0.6679530383737362,
      0.659104406699133,
      0.5774233128834355
    ],
    "qwk_average": 0.6348269193187682,
    "cm": [
      [
        [
          0,
          4,
          5,
          0,
          0
        ],
        [
          0,
          28,
          26,
          1,
          0
        ],
        [
          0,
          13,
          87,
          24,
          1
        ],
        [
          0,
          0,
          24,
          90,
          2
        ],
        [
          0,
          0,
          3,
          16,
          4
        ]
      ],
      [
        [
          1,
          3,
          5,
          0,
          0
        ],
        [
          0,
          19,
          30,
          3,
          0
        ],
        [
          0,
          15,
          82,
          24,
          0
        ],
        [
          0,
          0,
          17,
          115,
          2
        ],
        [
          0,
          0,
          2,
          9,
          1
        ]
      ],
      [
        [
          0,
          4,
          0,
          1,
          0
        ],
        [
          0,
          29,
          38,
          2,
          0
        ],
        [
          0,
          22,
          101,
          28,
          0
        ],
        [
          0,
          1,
          32,
          68,
          0
        ],
        [
          0,
          0,
          0,
          2,
          0
        ]
      ]
    ],
    "emd": [
      0.18328979506612036,
      0.1878993496959574,
      0.18144050985771948
    ],
    "macroEMD": 0.18420988487326576,
    "tail_recall0": [
      0.08695652173913043,
      0.09722222222222221,
      0.0
    ],
    "tail_recall0_average": 0.061392914653784214
  },
  "extra": {
    "static_stats": {}
  }
}