{
  "val": {
    "loss": 11.54397619836316,
    "qwk": [
      0.5808628092414639,
      0.46935577481137547,
      0.565633436998052
    ],
    "qwk_average": 0.5386173403502972,
    "cm": [
      [
        [
          1,
          3,
          4,
          1,
          0
        ],
        [
          0,
          15,
          34,
          5,
          0
        ],
        [
          0,
          8,
          89,
          23,
          6
        ],
        [
          0,
          0,
          33,
          71,
          12
        ],
        [
          0,
          0,
          2,
          10,
          11
        ]
      ],
      [
        [
          0,
          4,
          3,
          2,
          0
        ],
        [
          0,
          12,
          28,
          12,
          0
        ],
        [
          0,
          11,
          65,
          45,
          1
        ],
        [
          0,
          4,
          22,
          102,
          5
        ],
        [
          0,
          0,
          0,
          10,
          2
        ]
      ],
      [
        [
          0,
          3,
          2,
          0,
          0
        ],
        [
          0,
          25,
          34,
          9,
          0
        ],
        [
          0,
          16,
          99,
          37,
          0
        ],
        [
          0,
          0,
          19,
          82,
          0
        ],
        [
          0,
          0,
          0,
          2,
          0
        ]
      ]
    ],
    "emd": [
      0.3684699330583864,
      0.3720887408450001,
      0.36423133462698126
    ],
    "macroEMD": 0.36826333617678925,
    "tail_recall0": [
      0.2946859903381642,
      0.08333333333333333,
      0.0
    ],
    "tail_recall0_average": 0.1260064412238325
  },
  "extra": {
    "static_stats": {
      "static/train/lambda": {
        "mean": 1.0,
        "min": 1.0,
        "max": 1.0
      },
      "static/train/rho": {
        "mean": [
          0.0,
          0.0,
          0.0
        ],
        "min": [
          0.0,
          0.0,
          0.0
        ],
        "max": [
          0.0,
          0.0,
          0.0
        ]
      },
      "static/val/lambda": {
        "mean": 1.0,
        "min": 1.0,
        "max": 1.0
      },
      "static/val/rho": {
        "mean": [
          0.0,
          0.0,
          0.0
        ],
        "min": [
          0.0,
          0.0,
          0.0
        ],
        "max": [
          0.0,
          0.0,
          0.0
        ]
      },
      "static/all/lambda": {
        "mean": 1.0,
        "min": 1.0,
        "max": 1.0
      },
      "static/all/rho": {
        "mean": [
          0.0,
          0.0,
          0.0
        ],
        "min": [
          0.0,
          0.0,
          0.0
        ],
        "max": [
          0.0,
          0.0,
          0.0
        ]
      }
    }
  }
}