{
  "val": {
    "loss": 1.3015834144358183,
    "qwk": [
      0.5732413014402946,
      0.5670495344080331,
      0.6060684815801443
    ],
    "qwk_average": 0.5821197724761573,
    "cm": [
      [
        [
          0,
          6,
          3,
          1,
          0
        ],
        [
          0,
          15,
          36,
          4,
          0
        ],
        [
          0,
          11,
          76,
          37,
          1
        ],
        [
          0,
          0,
          29,
          81,
          6
        ],
        [
          0,
          0,
          3,
          15,
          5
        ]
      ],
      [
        [
          0,
          6,
          3,
          0,
          0
        ],
        [
          0,
          18,
          25,
          10,
          0
        ],
        [
          1,
          15,
          68,
          37,
          1
        ],
        [
          0,
          0,
          23,
          107,
          3
        ],
        [
          0,
          0,
          1,
          11,
          0
        ]
      ],
      [
        [
          0,
          3,
          2,
          0,
          0
        ],
        [
          0,
          32,
          36,
          1,
          0
        ],
        [
          0,
          14,
          118,
          20,
          0
        ],
        [
          0,
          1,
          38,
          62,
          0
        ],
        [
          0,
          0,
          0,
          2,
          0
        ]
      ]
    ],
    "emd": [
      0.20799880379073046,
      0.20772003306826284,
      0.19735934154487972
    ],
    "macroEMD": 0.204359392801291,
    "tail_recall0": [
      0.10869565217391304,
      0.0,
      0.0
    ],
    "tail_recall0_average": 0.036231884057971016
  },
  "extra": {
    "static_stats": {
      "static/train/lambda": {
        "mean": [
          1.0,
          1.0,
          1.0
        ],
        "min": [
          1.0,
          1.0,
          1.0
        ],
        "max": [
          1.0,
          1.0,
          1.0
        ]
      },
      "static/train/rho": {
        "mean": [
          0.0,
          0.0,
          0.0
        ],
        "min": [
          0.0,
          0.0,
          0.0
        ],
        "max": [
          0.0,
          0.0,
          0.0
        ]
      },
      "static/val/lambda": {
        "mean": [
          1.0,
          1.0,
          1.0
        ],
        "min": [
          1.0,
          1.0,
          1.0
        ],
        "max": [
          1.0,
          1.0,
          1.0
        ]
      },
      "static/val/rho": {
        "mean": [
          0.0,
          0.0,
          0.0
        ],
        "min": [
          0.0,
          0.0,
          0.0
        ],
        "max": [
          0.0,
          0.0,
          0.0
        ]
      },
      "static/all/lambda": {
        "mean": [
          1.0,
          1.0,
          1.0
        ],
        "min": [
          1.0,
          1.0,
          1.0
        ],
        "max": [
          1.0,
          1.0,
          1.0
        ]
      },
      "static/all/rho": {
        "mean": [
          0.0,
          0.0,
          0.0
        ],
        "min": [
          0.0,
          0.0,
          0.0
        ],
        "max": [
          0.0,
          0.0,
          0.0
        ]
      }
    }
  }
}