{
  "val": {
    "loss": 12.756492299372702,
    "qwk": [
      0.35516202259422003,
      0.3444850232513923,
      0.3658162805372758
    ],
    "qwk_average": 0.35515444212762937,
    "cm": [
      [
        [
          0,
          3,
          11,
          1,
          0
        ],
        [
          1,
          12,
          58,
          9,
          2
        ],
        [
          0,
          2,
          93,
          58,
          2
        ],
        [
          0,
          0,
          19,
          48,
          6
        ],
        [
          0,
          0,
          6,
          4,
          0
        ]
      ],
      [
        [
          0,
          0,
          8,
          1,
          0
        ],
        [
          0,
          3,
          59,
          14,
          0
        ],
        [
          0,
          0,
          97,
          67,
          0
        ],
        [
          0,
          0,
          14,
          65,
          1
        ],
        [
          0,
          0,
          1,
          5,
          0
        ]
      ],
      [
        [
          0,
          2,
          2,
          0,
          0
        ],
        [
          0,
          10,
          70,
          12,
          0
        ],
        [
          0,
          3,
          135,
          28,
          0
        ],
        [
          0,
          1,
          25,
          46,
          0
        ],
        [
          0,
          0,
          0,
          1,
          0
        ]
      ]
    ],
    "emd": [
      0.27680630018796154,
      0.27387738194236494,
      0.24957635512237641
    ],
    "macroEMD": 0.266753345750901,
    "tail_recall0": [
      0.0,
      0.0,
      0.0
    ],
    "tail_recall0_average": 0.0
  },
  "extra": {
    "static_stats": {
      "static/train/lambda": {
        "mean": 1.0,
        "min": 1.0,
        "max": 1.0
      },
      "static/train/rho": {
        "mean": [
          0.0,
          0.0,
          0.0
        ],
        "min": [
          0.0,
          0.0,
          0.0
        ],
        "max": [
          0.0,
          0.0,
          0.0
        ]
      },
      "static/val/lambda": {
        "mean": 1.0,
        "min": 1.0,
        "max": 1.0
      },
      "static/val/rho": {
        "mean": [
          0.0,
          0.0,
          0.0
        ],
        "min": [
          0.0,
          0.0,
          0.0
        ],
        "max": [
          0.0,
          0.0,
          0.0
        ]
      },
      "static/all/lambda": {
        "mean": 1.0,
        "min": 1.0,
        "max": 1.0
      },
      "static/all/rho": {
        "mean": [
          0.0,
          0.0,
          0.0
        ],
        "min": [
          0.0,
          0.0,
          0.0
        ],
        "max": [
          0.0,
          0.0,
          0.0
        ]
      }
    }
  }
}