{
  "val": {
    "loss": 12.148562530494061,
    "qwk": [
      0.21175645670211518,
      0.27388222323666456,
      0.3023255813953488
    ],
    "qwk_average": 0.26265475377804287,
    "cm": [
      [
        [
          0,
          3,
          1,
          0,
          0
        ],
        [
          0,
          4,
          10,
          1,
          0
        ],
        [
          0,
          8,
          51,
          17,
          2
        ],
        [
          1,
          4,
          90,
          61,
          6
        ],
        [
          0,
          1,
          37,
          23,
          3
        ]
      ],
      [
        [
          0,
          5,
          1,
          0,
          0
        ],
        [
          0,
          3,
          11,
          2,
          0
        ],
        [
          0,
          8,
          38,
          20,
          0
        ],
        [
          0,
          6,
          109,
          90,
          0
        ],
        [
          0,
          0,
          14,
          16,
          0
        ]
      ],
      [
        [
          0,
          1,
          0,
          0,
          0
        ],
        [
          0,
          8,
          21,
          0,
          0
        ],
        [
          0,
          7,
          98,
          6,
          0
        ],
        [
          0,
          3,
          132,
          46,
          0
        ],
        [
          0,
          0,
          0,
          1,
          0
        ]
      ]
    ],
    "emd": [
      0.3794139365028399,
      0.3789343424051543,
      0.3777928109712476
    ],
    "macroEMD": 0.3787136966264139,
    "tail_recall0": [
      0.0234375,
      0.0,
      0.0
    ],
    "tail_recall0_average": 0.0078125
  },
  "extra": {
    "static_stats": {
      "static/train/lambda": {
        "mean": 1.0,
        "min": 1.0,
        "max": 1.0
      },
      "static/train/rho": {
        "mean": [
          0.0,
          0.0,
          0.0
        ],
        "min": [
          0.0,
          0.0,
          0.0
        ],
        "max": [
          0.0,
          0.0,
          0.0
        ]
      },
      "static/val/lambda": {
        "mean": 1.0,
        "min": 1.0,
        "max": 1.0
      },
      "static/val/rho": {
        "mean": [
          0.0,
          0.0,
          0.0
        ],
        "min": [
          0.0,
          0.0,
          0.0
        ],
        "max": [
          0.0,
          0.0,
          0.0
        ]
      },
      "static/all/lambda": {
        "mean": 1.0,
        "min": 1.0,
        "max": 1.0
      },
      "static/all/rho": {
        "mean": [
          0.0,
          0.0,
          0.0
        ],
        "min": [
          0.0,
          0.0,
          0.0
        ],
        "max": [
          0.0,
          0.0,
          0.0
        ]
      }
    }
  }
}