{
  "val": {
    "loss": 1.4146000238698782,
    "qwk": [
      0.5179487179487179,
      0.5051741965950448,
      0.5189082118401296
    ],
    "qwk_average": 0.5140103754612975,
    "cm": [
      [
        [
          1,
          5,
          2,
          0,
          0
        ],
        [
          0,
          8,
          28,
          4,
          0
        ],
        [
          1,
          5,
          80,
          42,
          0
        ],
        [
          0,
          0,
          42,
          79,
          1
        ],
        [
          0,
          0,
          4,
          21,
          2
        ]
      ],
      [
        [
          1,
          5,
          0,
          0,
          0
        ],
        [
          3,
          6,
          33,
          5,
          1
        ],
        [
          2,
          4,
          75,
          31,
          1
        ],
        [
          0,
          2,
          49,
          96,
          1
        ],
        [
          0,
          0,
          1,
          8,
          1
        ]
      ],
      [
        [
          0,
          1,
          0,
          0,
          0
        ],
        [
          1,
          21,
          47,
          2,
          0
        ],
        [
          1,
          7,
          125,
          18,
          0
        ],
        [
          0,
          0,
          47,
          52,
          0
        ],
        [
          0,
          0,
          1,
          2,
          0
        ]
      ]
    ],
    "emd": [
      0.2102442154142991,
      0.20879177129299595,
      0.19059488808866934
    ],
    "macroEMD": 0.2032102915986548,
    "tail_recall0": [
      0.09953703703703703,
      0.13333333333333333,
      0.0
    ],
    "tail_recall0_average": 0.07762345679012346
  },
  "extra": {
    "static_stats": {
      "static/train/lambda": {
        "mean": [
          1.0,
          1.0,
          1.0
        ],
        "min": [
          1.0,
          1.0,
          1.0
        ],
        "max": [
          1.0,
          1.0,
          1.0
        ]
      },
      "static/train/rho": {
        "mean": [
          0.0,
          0.0,
          0.0
        ],
        "min": [
          0.0,
          0.0,
          0.0
        ],
        "max": [
          0.0,
          0.0,
          0.0
        ]
      },
      "static/val/lambda": {
        "mean": [
          1.0,
          1.0,
          1.0
        ],
        "min": [
          1.0,
          1.0,
          1.0
        ],
        "max": [
          1.0,
          1.0,
          1.0
        ]
      },
      "static/val/rho": {
        "mean": [
          0.0,
          0.0,
          0.0
        ],
        "min": [
          0.0,
          0.0,
          0.0
        ],
        "max": [
          0.0,
          0.0,
          0.0
        ]
      },
      "static/all/lambda": {
        "mean": [
          1.0,
          1.0,
          1.0
        ],
        "min": [
          1.0,
          1.0,
          1.0
        ],
        "max": [
          1.0,
          1.0,
          1.0
        ]
      },
      "static/all/rho": {
        "mean": [
          0.0,
          0.0,
          0.0
        ],
        "min": [
          0.0,
          0.0,
          0.0
        ],
        "max": [
          0.0,
          0.0,
          0.0
        ]
      }
    }
  }
}