{
  "val": {
    "loss": 7.552803473106579,
    "qwk": [
      0.6221198156682028,
      0.5595041322314049,
      0.6510881696428572
    ],
    "qwk_average": 0.6109040391808217,
    "cm": [
      [
        [
          1,
          5,
          4,
          0,
          0
        ],
        [
          0,
          18,
          34,
          1,
          1
        ],
        [
          0,
          16,
          76,
          27,
          6
        ],
        [
          0,
          0,
          27,
          77,
          12
        ],
        [
          0,
          0,
          2,
          10,
          11
        ]
      ],
      [
        [
          0,
          5,
          4,
          0,
          0
        ],
        [
          3,
          11,
          34,
          4,
          1
        ],
        [
          0,
          13,
          75,
          33,
          0
        ],
        [
          0,
          0,
          37,
          93,
          3
        ],
        [
          0,
          0,
          1,
          9,
          2
        ]
      ],
      [
        [
          0,
          4,
          1,
          0,
          0
        ],
        [
          0,
          38,
          30,
          1,
          0
        ],
        [
          0,
          16,
          108,
          27,
          0
        ],
        [
          0,
          1,
          31,
          69,
          0
        ],
        [
          0,
          0,
          0,
          2,
          0
        ]
      ]
    ],
    "emd": [
      0.21534473659889675,
      0.24217632292855554,
      0.22317505624408573
    ],
    "macroEMD": 0.22689870525717934,
    "tail_recall0": [
      0.2891304347826087,
      0.08333333333333333,
      0.0
    ],
    "tail_recall0_average": 0.12415458937198066
  },
  "extra": {
    "static_stats": {
      "static/train/lambda": {
        "mean": 1.0,
        "min": 1.0,
        "max": 1.0
      },
      "static/train/rho": {
        "mean": [
          0.0,
          0.0,
          0.0
        ],
        "min": [
          0.0,
          0.0,
          0.0
        ],
        "max": [
          0.0,
          0.0,
          0.0
        ]
      },
      "static/val/lambda": {
        "mean": 1.0,
        "min": 1.0,
        "max": 1.0
      },
      "static/val/rho": {
        "mean": [
          0.0,
          0.0,
          0.0
        ],
        "min": [
          0.0,
          0.0,
          0.0
        ],
        "max": [
          0.0,
          0.0,
          0.0
        ]
      },
      "static/all/lambda": {
        "mean": 1.0,
        "min": 1.0,
        "max": 1.0
      },
      "static/all/rho": {
        "mean": [
          0.0,
          0.0,
          0.0
        ],
        "min": [
          0.0,
          0.0,
          0.0
        ],
        "max": [
          0.0,
          0.0,
          0.0
        ]
      }
    }
  }
}