{
  "val": {
    "loss": 3.4023573821449697,
    "qwk": [
      0.23806852361286657,
      0.3291768493573436,
      0.3473749740610086
    ],
    "qwk_average": 0.30487344901040625,
    "cm": [
      [
        [
          0,
          3,
          1,
          0,
          0
        ],
        [
          0,
          7,
          8,
          0,
          0
        ],
        [
          0,
          10,
          53,
          14,
          1
        ],
        [
          0,
          4,
          98,
          58,
          2
        ],
        [
          0,
          2,
          37,
          24,
          1
        ]
      ],
      [
        [
          1,
          3,
          2,
          0,
          0
        ],
        [
          0,
          6,
          10,
          0,
          0
        ],
        [
          0,
          9,
          41,
          16,
          0
        ],
        [
          0,
          5,
          108,
          92,
          0
        ],
        [
          0,
          0,
          15,
          15,
          0
        ]
      ],
      [
        [
          0,
          1,
          0,
          0,
          0
        ],
        [
          1,
          11,
          17,
          0,
          0
        ],
        [
          0,
          12,
          93,
          6,
          0
        ],
        [
          0,
          5,
          127,
          49,
          0
        ],
        [
          0,
          0,
          0,
          1,
          0
        ]
      ]
    ],
    "emd": [
      0.21923627659488276,
      0.21504640822060866,
      0.19530418837931068
    ],
    "macroEMD": 0.20986229106493404,
    "tail_recall0": [
      0.0078125,
      0.08333333333333333,
      0.0
    ],
    "tail_recall0_average": 0.030381944444444444
  },
  "extra": {
    "static_stats": {}
  }
}