{
  "val": {
    "loss": 1.0828513052815318,
    "qwk": [
      0.552290933467404,
      0.6165501165501166,
      0.5424984760743676
    ],
    "qwk_average": 0.5704465086972961,
    "cm": [
      [
        [
          1,
          3,
          5,
          1,
          0
        ],
        [
          2,
          17,
          31,
          5,
          0
        ],
        [
          0,
          5,
          84,
          34,
          2
        ],
        [
          0,
          1,
          30,
          81,
          4
        ],
        [
          0,
          1,
          2,
          16,
          4
        ]
      ],
      [
        [
          1,
          6,
          1,
          1,
          0
        ],
        [
          1,
          20,
          27,
          5,
          0
        ],
        [
          0,
          11,
          73,
          38,
          0
        ],
        [
          0,
          2,
          24,
          107,
          0
        ],
        [
          0,
          0,
          0,
          12,
          0
        ]
      ],
      [
        [
          1,
          1,
          2,
          0,
          0
        ],
        [
          0,
          25,
          43,
          1,
          0
        ],
        [
          0,
          16,
          112,
          24,
          0
        ],
        [
          0,
          1,
          44,
          57,
          0
        ],
        [
          0,
          0,
          0,
          2,
          0
        ]
      ]
    ],
    "emd": [
      0.20800699214002746,
      0.18783507849689832,
      0.20329889388807976
    ],
    "macroEMD": 0.1997136548416685,
    "tail_recall0": [
      0.13695652173913042,
      0.05555555555555555,
      0.125
    ],
    "tail_recall0_average": 0.10583735909822867
  },
  "extra": {
    "static_stats": {
      "static/train/lambda": {
        "mean": [
          1.0,
          1.0,
          1.0
        ],
        "min": [
          1.0,
          1.0,
          1.0
        ],
        "max": [
          1.0,
          1.0,
          1.0
        ]
      },
      "static/val/lambda": {
        "mean": [
          1.0,
          1.0,
          1.0
        ],
        "min": [
          1.0,
          1.0,
          1.0
        ],
        "max": [
          1.0,
          1.0,
          1.0
        ]
      },
      "static/all/lambda": {
        "mean": [
          1.0,
          1.0,
          1.0
        ],
        "min": [
          1.0,
          1.0,
          1.0
        ],
        "max": [
          1.0,
          1.0,
          1.0
        ]
      }
    }
  }
}