{
  "val": {
    "loss": 10.536857762173739,
    "qwk": [
      0.6140708393983503,
      0.5897166551485833,
      0.5971193969578679
    ],
    "qwk_average": 0.6003022971682671,
    "cm": [
      [
        [
          1,
          6,
          3,
          0,
          0
        ],
        [
          0,
          20,
          31,
          2,
          1
        ],
        [
          1,
          20,
          69,
          32,
          3
        ],
        [
          0,
          0,
          29,
          76,
          11
        ],
        [
          0,
          0,
          1,
          16,
          6
        ]
      ],
      [
        [
          0,
          6,
          3,
          0,
          0
        ],
        [
          2,
          17,
          27,
          7,
          0
        ],
        [
          0,
          18,
          56,
          47,
          0
        ],
        [
          0,
          2,
          17,
          110,
          4
        ],
        [
          0,
          0,
          0,
          12,
          0
        ]
      ],
      [
        [
          1,
          3,
          1,
          0,
          0
        ],
        [
          0,
          32,
          35,
          2,
          0
        ],
        [
          0,
          22,
          94,
          35,
          0
        ],
        [
          0,
          2,
          29,
          70,
          0
        ],
        [
          0,
          0,
          0,
          2,
          0
        ]
      ]
    ],
    "emd": [
      0.36685505301133914,
      0.37223520667691645,
      0.36240488154760914
    ],
    "macroEMD": 0.3671650470786216,
    "tail_recall0": [
      0.18043478260869567,
      0.0,
      0.1
    ],
    "tail_recall0_average": 0.09347826086956523
  },
  "extra": {
    "static_stats": {
      "static/train/lambda": {
        "mean": 1.0,
        "min": 1.0,
        "max": 1.0
      },
      "static/train/rho": {
        "mean": [
          0.0,
          0.0,
          0.0
        ],
        "min": [
          0.0,
          0.0,
          0.0
        ],
        "max": [
          0.0,
          0.0,
          0.0
        ]
      },
      "static/val/lambda": {
        "mean": 1.0,
        "min": 1.0,
        "max": 1.0
      },
      "static/val/rho": {
        "mean": [
          0.0,
          0.0,
          0.0
        ],
        "min": [
          0.0,
          0.0,
          0.0
        ],
        "max": [
          0.0,
          0.0,
          0.0
        ]
      },
      "static/all/lambda": {
        "mean": 1.0,
        "min": 1.0,
        "max": 1.0
      },
      "static/all/rho": {
        "mean": [
          0.0,
          0.0,
          0.0
        ],
        "min": [
          0.0,
          0.0,
          0.0
        ],
        "max": [
          0.0,
          0.0,
          0.0
        ]
      }
    }
  }
}