{
  "val": {
    "loss": 1.531609649874284,
    "qwk": [
      0.37322737820559426,
      0.3738766157041069,
      0.36329887384987025
    ],
    "qwk_average": 0.3701342892531905,
    "cm": [
      [
        [
          0,
          4,
          10,
          1,
          0
        ],
        [
          0,
          11,
          58,
          13,
          0
        ],
        [
          0,
          5,
          86,
          61,
          3
        ],
        [
          0,
          0,
          15,
          55,
          3
        ],
        [
          0,
          0,
          5,
          4,
          1
        ]
      ],
      [
        [
          0,
          1,
          7,
          1,
          0
        ],
        [
          0,
          13,
          43,
          20,
          0
        ],
        [
          0,
          8,
          78,
          78,
          0
        ],
        [
          0,
          0,
          8,
          72,
          0
        ],
        [
          0,
          0,
          0,
          6,
          0
        ]
      ],
      [
        [
          0,
          3,
          1,
          0,
          0
        ],
        [
          0,
          11,
          68,
          13,
          0
        ],
        [
          0,
          17,
          103,
          46,
          0
        ],
        [
          0,
          0,
          23,
          49,
          0
        ],
        [
          0,
          0,
          0,
          1,
          0
        ]
      ]
    ],
    "emd": [
      0.3192887062232456,
      0.30894833996444804,
      0.28721754628813245
    ],
    "macroEMD": 0.3051515308252754,
    "tail_recall0": [
      0.05,
      0.0,
      0.0
    ],
    "tail_recall0_average": 0.016666666666666666
  },
  "extra": {
    "static_stats": {
      "static/train/lambda": {
        "mean": [
          1.0,
          1.0,
          1.0
        ],
        "min": [
          1.0,
          1.0,
          1.0
        ],
        "max": [
          1.0,
          1.0,
          1.0
        ]
      },
      "static/train/rho": {
        "mean": [
          0.0,
          0.0,
          0.0
        ],
        "min": [
          0.0,
          0.0,
          0.0
        ],
        "max": [
          0.0,
          0.0,
          0.0
        ]
      },
      "static/val/lambda": {
        "mean": [
          1.0,
          1.0,
          1.0
        ],
        "min": [
          1.0,
          1.0,
          1.0
        ],
        "max": [
          1.0,
          1.0,
          1.0
        ]
      },
      "static/val/rho": {
        "mean": [
          0.0,
          0.0,
          0.0
        ],
        "min": [
          0.0,
          0.0,
          0.0
        ],
        "max": [
          0.0,
          0.0,
          0.0
        ]
      },
      "static/all/lambda": {
        "mean": [
          1.0,
          1.0,
          1.0
        ],
        "min": [
          1.0,
          1.0,
          1.0
        ],
        "max": [
          1.0,
          1.0,
          1.0
        ]
      },
      "static/all/rho": {
        "mean": [
          0.0,
          0.0,
          0.0
        ],
        "min": [
          0.0,
          0.0,
          0.0
        ],
        "max": [
          0.0,
          0.0,
          0.0
        ]
      }
    }
  }
}