{
  "val": {
    "loss": 7.853243349118701,
    "qwk": [
      0.6629425611490161,
      0.5458441575567365,
      0.5640376929564038
    ],
    "qwk_average": 0.5909414705540521,
    "cm": [
      [
        [
          1,
          7,
          1,
          0,
          0
        ],
        [
          2,
          25,
          23,
          5,
          0
        ],
        [
          1,
          16,
          84,
          21,
          4
        ],
        [
          0,
          0,
          29,
          75,
          12
        ],
        [
          0,
          0,
          1,
          14,
          7
        ]
      ],
      [
        [
          1,
          6,
          2,
          1,
          0
        ],
        [
          2,
          14,
          28,
          9,
          0
        ],
        [
          1,
          16,
          74,
          27,
          1
        ],
        [
          0,
          6,
          24,
          95,
          9
        ],
        [
          0,
          0,
          1,
          9,
          2
        ]
      ],
      [
        [
          0,
          4,
          1,
          0,
          0
        ],
        [
          0,
          28,
          39,
          2,
          0
        ],
        [
          0,
          17,
          107,
          27,
          0
        ],
        [
          0,
          2,
          37,
          63,
          0
        ],
        [
          0,
          0,
          0,
          1,
          0
        ]
      ]
    ],
    "emd": [
      0.20651969820857324,
      0.24706528830934124,
      0.23919621218355766
    ],
    "macroEMD": 0.23092706623382406,
    "tail_recall0": [
      0.21464646464646464,
      0.13333333333333333,
      0.0
    ],
    "tail_recall0_average": 0.11599326599326598
  },
  "extra": {
    "static_stats": {
      "static/train/lambda": {
        "mean": 1.0,
        "min": 1.0,
        "max": 1.0
      },
      "static/train/rho": {
        "mean": [
          0.0,
          0.0,
          0.0
        ],
        "min": [
          0.0,
          0.0,
          0.0
        ],
        "max": [
          0.0,
          0.0,
          0.0
        ]
      },
      "static/val/lambda": {
        "mean": 1.0,
        "min": 1.0,
        "max": 1.0
      },
      "static/val/rho": {
        "mean": [
          0.0,
          0.0,
          0.0
        ],
        "min": [
          0.0,
          0.0,
          0.0
        ],
        "max": [
          0.0,
          0.0,
          0.0
        ]
      },
      "static/all/lambda": {
        "mean": 1.0,
        "min": 1.0,
        "max": 1.0
      },
      "static/all/rho": {
        "mean": [
          0.0,
          0.0,
          0.0
        ],
        "min": [
          0.0,
          0.0,
          0.0
        ],
        "max": [
          0.0,
          0.0,
          0.0
        ]
      }
    }
  }
}