{
  "val": {
    "loss": 1.8586075176294077,
    "qwk": [
      0.305204308036768,
      0.21677427032816643,
      0.30824928885440916
    ],
    "qwk_average": 0.27674262240644787,
    "cm": [
      [
        [
          1,
          0,
          1,
          5,
          0
        ],
        [
          7,
          13,
          55,
          22,
          1
        ],
        [
          4,
          5,
          78,
          68,
          0
        ],
        [
          0,
          1,
          10,
          48,
          0
        ],
        [
          0,
          0,
          0,
          6,
          0
        ]
      ],
      [
        [
          0,
          3,
          1,
          10,
          0
        ],
        [
          1,
          25,
          18,
          38,
          0
        ],
        [
          0,
          25,
          40,
          100,
          1
        ],
        [
          0,
          0,
          7,
          54,
          0
        ],
        [
          0,
          0,
          0,
          1,
          1
        ]
      ],
      [
        [
          0,
          2,
          2,
          1,
          0
        ],
        [
          0,
          45,
          47,
          12,
          0
        ],
        [
          0,
          39,
          103,
          38,
          0
        ],
        [
          0,
          2,
          15,
          19,
          0
        ],
        [
          0,
          0,
          0,
          0,
          0
        ]
      ]
    ],
    "emd": [
      0.2748718280472,
      0.28050277484565916,
      0.23674433119102295
    ],
    "macroEMD": 0.2640396446946274,
    "tail_recall0": [
      0.07142857142857142,
      0.25,
      0.0
    ],
    "tail_recall0_average": 0.10714285714285714
  },
  "extra": {
    "static_stats": {
      "static/train/lambda": {
        "mean": [
          1.0,
          1.0,
          1.0
        ],
        "min": [
          1.0,
          1.0,
          1.0
        ],
        "max": [
          1.0,
          1.0,
          1.0
        ]
      },
      "static/train/rho": {
        "mean": [
          0.0,
          0.0,
          0.0
        ],
        "min": [
          0.0,
          0.0,
          0.0
        ],
        "max": [
          0.0,
          0.0,
          0.0
        ]
      },
      "static/val/lambda": {
        "mean": [
          1.0,
          1.0,
          1.0
        ],
        "min": [
          1.0,
          1.0,
          1.0
        ],
        "max": [
          1.0,
          1.0,
          1.0
        ]
      },
      "static/val/rho": {
        "mean": [
          0.0,
          0.0,
          0.0
        ],
        "min": [
          0.0,
          0.0,
          0.0
        ],
        "max": [
          0.0,
          0.0,
          0.0
        ]
      },
      "static/all/lambda": {
        "mean": [
          1.0,
          1.0,
          1.0
        ],
        "min": [
          1.0,
          1.0,
          1.0
        ],
        "max": [
          1.0,
          1.0,
          1.0
        ]
      },
      "static/all/rho": {
        "mean": [
          0.0,
          0.0,
          0.0
        ],
        "min": [
          0.0,
          0.0,
          0.0
        ],
        "max": [
          0.0,
          0.0,
          0.0
        ]
      }
    }
  }
}