{
  "val": {
    "loss": 11.562077937615234,
    "qwk": [
      0.1988512895555148,
      0.24016483699823143,
      0.2809319158561412
    ],
    "qwk_average": 0.2399826808032958,
    "cm": [
      [
        [
          0,
          2,
          2,
          0,
          0
        ],
        [
          0,
          4,
          9,
          2,
          0
        ],
        [
          1,
          6,
          46,
          25,
          0
        ],
        [
          0,
          6,
          83,
          73,
          0
        ],
        [
          0,
          2,
          30,
          32,
          0
        ]
      ],
      [
        [
          0,
          4,
          2,
          0,
          0
        ],
        [
          0,
          6,
          8,
          2,
          0
        ],
        [
          0,
          9,
          40,
          17,
          0
        ],
        [
          0,
          3,
          129,
          73,
          0
        ],
        [
          0,
          0,
          19,
          11,
          0
        ]
      ],
      [
        [
          0,
          0,
          1,
          0,
          0
        ],
        [
          2,
          6,
          21,
          0,
          0
        ],
        [
          0,
          5,
          98,
          8,
          0
        ],
        [
          0,
          3,
          134,
          44,
          0
        ],
        [
          0,
          0,
          0,
          1,
          0
        ]
      ]
    ],
    "emd": [
      0.2668157209884424,
      0.28022579060709435,
      0.2856817452723695
    ],
    "macroEMD": 0.27757441895596874,
    "tail_recall0": [
      0.0,
      0.0,
      0.0
    ],
    "tail_recall0_average": 0.0
  },
  "extra": {
    "static_stats": {
      "static/train/lambda": {
        "mean": 1.0,
        "min": 1.0,
        "max": 1.0
      },
      "static/train/rho": {
        "mean": [
          0.0,
          0.0,
          0.0
        ],
        "min": [
          0.0,
          0.0,
          0.0
        ],
        "max": [
          0.0,
          0.0,
          0.0
        ]
      },
      "static/val/lambda": {
        "mean": 1.0,
        "min": 1.0,
        "max": 1.0
      },
      "static/val/rho": {
        "mean": [
          0.0,
          0.0,
          0.0
        ],
        "min": [
          0.0,
          0.0,
          0.0
        ],
        "max": [
          0.0,
          0.0,
          0.0
        ]
      },
      "static/all/lambda": {
        "mean": 1.0,
        "min": 1.0,
        "max": 1.0
      },
      "static/all/rho": {
        "mean": [
          0.0,
          0.0,
          0.0
        ],
        "min": [
          0.0,
          0.0,
          0.0
        ],
        "max": [
          0.0,
          0.0,
          0.0
        ]
      }
    }
  }
}