{
  "val": {
    "loss": 2.1048653270510083,
    "qwk": [
      0.6288473144236573,
      0.5762970042710791,
      0.6282971053289075
    ],
    "qwk_average": 0.6111471413412146,
    "cm": [
      [
        [
          0,
          7,
          3,
          0,
          0
        ],
        [
          0,
          15,
          37,
          2,
          0
        ],
        [
          0,
          11,
          71,
          42,
          1
        ],
        [
          0,
          0,
          22,
          93,
          1
        ],
        [
          0,
          0,
          1,
          17,
          5
        ]
      ],
      [
        [
          0,
          5,
          4,
          0,
          0
        ],
        [
          1,
          13,
          32,
          7,
          0
        ],
        [
          0,
          13,
          71,
          37,
          0
        ],
        [
          0,
          0,
          29,
          102,
          2
        ],
        [
          0,
          0,
          0,
          10,
          2
        ]
      ],
      [
        [
          1,
          4,
          0,
          0,
          0
        ],
        [
          0,
          37,
          30,
          2,
          0
        ],
        [
          0,
          18,
          113,
          20,
          0
        ],
        [
          0,
          1,
          41,
          59,
          0
        ],
        [
          0,
          0,
          0,
          2,
          0
        ]
      ]
    ],
    "emd": [
      0.17335919106412312,
      0.19144244430786256,
      0.15577258606045663
    ],
    "macroEMD": 0.17352474047748076,
    "tail_recall0": [
      0.10869565217391304,
      0.08333333333333333,
      0.1
    ],
    "tail_recall0_average": 0.09734299516908212
  },
  "extra": {
    "static_stats": {}
  }
}