{
  "val": {
    "loss": 1.3577726998450643,
    "qwk": [
      0.6367395156526876,
      0.5582539821204973,
      0.5997107213885373
    ],
    "qwk_average": 0.5982347397205741,
    "cm": [
      [
        [
          4,
          3,
          3,
          0,
          0
        ],
        [
          1,
          14,
          37,
          2,
          0
        ],
        [
          0,
          11,
          77,
          36,
          1
        ],
        [
          0,
          0,
          27,
          88,
          1
        ],
        [
          0,
          0,
          2,
          17,
          4
        ]
      ],
      [
        [
          0,
          6,
          3,
          0,
          0
        ],
        [
          2,
          12,
          33,
          6,
          0
        ],
        [
          0,
          21,
          65,
          35,
          0
        ],
        [
          0,
          1,
          31,
          99,
          2
        ],
        [
          0,
          0,
          1,
          11,
          0
        ]
      ],
      [
        [
          1,
          3,
          1,
          0,
          0
        ],
        [
          0,
          37,
          31,
          1,
          0
        ],
        [
          0,
          21,
          111,
          19,
          0
        ],
        [
          0,
          1,
          47,
          53,
          0
        ],
        [
          0,
          0,
          0,
          2,
          0
        ]
      ]
    ],
    "emd": [
      0.18964114530029944,
      0.20940483932980497,
      0.18298894817213351
    ],
    "macroEMD": 0.19401164426741266,
    "tail_recall0": [
      0.28695652173913044,
      0.0,
      0.1
    ],
    "tail_recall0_average": 0.1289855072463768
  },
  "extra": {
    "static_stats": {
      "static/train/lambda": {
        "mean": [
          1.0,
          1.0,
          1.0
        ],
        "min": [
          1.0,
          1.0,
          1.0
        ],
        "max": [
          1.0,
          1.0,
          1.0
        ]
      },
      "static/train/rho": {
        "mean": [
          0.0,
          0.0,
          0.0
        ],
        "min": [
          0.0,
          0.0,
          0.0
        ],
        "max": [
          0.0,
          0.0,
          0.0
        ]
      },
      "static/val/lambda": {
        "mean": [
          1.0,
          1.0,
          1.0
        ],
        "min": [
          1.0,
          1.0,
          1.0
        ],
        "max": [
          1.0,
          1.0,
          1.0
        ]
      },
      "static/val/rho": {
        "mean": [
          0.0,
          0.0,
          0.0
        ],
        "min": [
          0.0,
          0.0,
          0.0
        ],
        "max": [
          0.0,
          0.0,
          0.0
        ]
      },
      "static/all/lambda": {
        "mean": [
          1.0,
          1.0,
          1.0
        ],
        "min": [
          1.0,
          1.0,
          1.0
        ],
        "max": [
          1.0,
          1.0,
          1.0
        ]
      },
      "static/all/rho": {
        "mean": [
          0.0,
          0.0,
          0.0
        ],
        "min": [
          0.0,
          0.0,
          0.0
        ],
        "max": [
          0.0,
          0.0,
          0.0
        ]
      }
    }
  }
}