{
  "val": {
    "loss": 1.3221580465497524,
    "qwk": [
      0.17122162328446278,
      0.31484848484848493,
      0.2934330839567747
    ],
    "qwk_average": 0.2598343973632408,
    "cm": [
      [
        [
          0,
          3,
          1,
          0,
          0
        ],
        [
          0,
          3,
          11,
          1,
          0
        ],
        [
          0,
          7,
          53,
          17,
          1
        ],
        [
          0,
          4,
          100,
          55,
          3
        ],
        [
          0,
          2,
          40,
          20,
          2
        ]
      ],
      [
        [
          0,
          4,
          2,
          0,
          0
        ],
        [
          0,
          3,
          12,
          1,
          0
        ],
        [
          1,
          6,
          39,
          20,
          0
        ],
        [
          0,
          3,
          105,
          97,
          0
        ],
        [
          0,
          0,
          11,
          19,
          0
        ]
      ],
      [
        [
          0,
          1,
          0,
          0,
          0
        ],
        [
          0,
          11,
          18,
          0,
          0
        ],
        [
          0,
          13,
          91,
          7,
          0
        ],
        [
          0,
          7,
          132,
          42,
          0
        ],
        [
          0,
          0,
          0,
          1,
          0
        ]
      ]
    ],
    "emd": [
      0.3310401952702656,
      0.32965872323901496,
      0.3006742132646164
    ],
    "macroEMD": 0.32045771059129896,
    "tail_recall0": [
      0.015625,
      0.0,
      0.0
    ],
    "tail_recall0_average": 0.005208333333333333
  },
  "extra": {
    "static_stats": {
      "static/train/lambda": {
        "mean": [
          1.0,
          1.0,
          1.0
        ],
        "min": [
          1.0,
          1.0,
          1.0
        ],
        "max": [
          1.0,
          1.0,
          1.0
        ]
      },
      "static/train/rho": {
        "mean": [
          0.0,
          0.0,
          0.0
        ],
        "min": [
          0.0,
          0.0,
          0.0
        ],
        "max": [
          0.0,
          0.0,
          0.0
        ]
      },
      "static/val/lambda": {
        "mean": [
          1.0,
          1.0,
          1.0
        ],
        "min": [
          1.0,
          1.0,
          1.0
        ],
        "max": [
          1.0,
          1.0,
          1.0
        ]
      },
      "static/val/rho": {
        "mean": [
          0.0,
          0.0,
          0.0
        ],
        "min": [
          0.0,
          0.0,
          0.0
        ],
        "max": [
          0.0,
          0.0,
          0.0
        ]
      },
      "static/all/lambda": {
        "mean": [
          1.0,
          1.0,
          1.0
        ],
        "min": [
          1.0,
          1.0,
          1.0
        ],
        "max": [
          1.0,
          1.0,
          1.0
        ]
      },
      "static/all/rho": {
        "mean": [
          0.0,
          0.0,
          0.0
        ],
        "min": [
          0.0,
          0.0,
          0.0
        ],
        "max": [
          0.0,
          0.0,
          0.0
        ]
      }
    }
  }
}