{
  "val": {
    "loss": 2.3333016268579083,
    "qwk": [
      0.4803428665622682,
      0.5058946697619373,
      0.5422105362005822
    ],
    "qwk_average": 0.5094826908415959,
    "cm": [
      [
        [
          1,
          4,
          3,
          0,
          0
        ],
        [
          0,
          4,
          29,
          7,
          0
        ],
        [
          0,
          2,
          76,
          49,
          1
        ],
        [
          0,
          0,
          37,
          85,
          0
        ],
        [
          0,
          0,
          1,
          25,
          1
        ]
      ],
      [
        [
          0,
          5,
          1,
          0,
          0
        ],
        [
          0,
          5,
          34,
          9,
          0
        ],
        [
          0,
          3,
          73,
          37,
          0
        ],
        [
          0,
          0,
          35,
          113,
          0
        ],
        [
          0,
          0,
          1,
          9,
          0
        ]
      ],
      [
        [
          0,
          1,
          0,
          0,
          0
        ],
        [
          0,
          26,
          45,
          0,
          0
        ],
        [
          0,
          14,
          118,
          19,
          0
        ],
        [
          0,
          1,
          46,
          52,
          0
        ],
        [
          0,
          0,
          1,
          2,
          0
        ]
      ]
    ],
    "emd": [
      0.20577769990643394,
      0.1994340442182751,
      0.17672484097219368
    ],
    "macroEMD": 0.19397886169896758,
    "tail_recall0": [
      0.08101851851851852,
      0.0,
      0.0
    ],
    "tail_recall0_average": 0.02700617283950617
  },
  "extra": {
    "static_stats": {}
  }
}