{
  "val": {
    "loss": 1.2290710809882537,
    "qwk": [
      0.4820595379716628,
      0.6169626409255029,
      0.579260150828428
    ],
    "qwk_average": 0.5594274432418646,
    "cm": [
      [
        [
          1,
          4,
          4,
          1,
          0
        ],
        [
          0,
          17,
          36,
          2,
          0
        ],
        [
          0,
          8,
          93,
          23,
          1
        ],
        [
          0,
          1,
          51,
          60,
          4
        ],
        [
          0,
          1,
          9,
          9,
          4
        ]
      ],
      [
        [
          1,
          6,
          1,
          1,
          0
        ],
        [
          0,
          23,
          25,
          5,
          0
        ],
        [
          0,
          10,
          79,
          33,
          0
        ],
        [
          0,
          2,
          29,
          102,
          0
        ],
        [
          0,
          0,
          1,
          10,
          1
        ]
      ],
      [
        [
          1,
          3,
          0,
          0,
          0
        ],
        [
          1,
          28,
          40,
          0,
          0
        ],
        [
          0,
          15,
          114,
          23,
          0
        ],
        [
          0,
          1,
          48,
          53,
          0
        ],
        [
          0,
          0,
          0,
          2,
          0
        ]
      ]
    ],
    "emd": [
      0.21715074137648935,
      0.19137026459248418,
      0.18645789439348354
    ],
    "macroEMD": 0.198326300120819,
    "tail_recall0": [
      0.13695652173913042,
      0.09722222222222221,
      0.125
    ],
    "tail_recall0_average": 0.11972624798711755
  },
  "extra": {
    "static_stats": {
      "static/train/lambda": {
        "mean": [
          1.0,
          1.0,
          1.0
        ],
        "min": [
          1.0,
          1.0,
          1.0
        ],
        "max": [
          1.0,
          1.0,
          1.0
        ]
      },
      "static/train/rho": {
        "mean": [
          0.0,
          0.0,
          0.0
        ],
        "min": [
          0.0,
          0.0,
          0.0
        ],
        "max": [
          0.0,
          0.0,
          0.0
        ]
      },
      "static/val/lambda": {
        "mean": [
          1.0,
          1.0,
          1.0
        ],
        "min": [
          1.0,
          1.0,
          1.0
        ],
        "max": [
          1.0,
          1.0,
          1.0
        ]
      },
      "static/val/rho": {
        "mean": [
          0.0,
          0.0,
          0.0
        ],
        "min": [
          0.0,
          0.0,
          0.0
        ],
        "max": [
          0.0,
          0.0,
          0.0
        ]
      },
      "static/all/lambda": {
        "mean": [
          1.0,
          1.0,
          1.0
        ],
        "min": [
          1.0,
          1.0,
          1.0
        ],
        "max": [
          1.0,
          1.0,
          1.0
        ]
      },
      "static/all/rho": {
        "mean": [
          0.0,
          0.0,
          0.0
        ],
        "min": [
          0.0,
          0.0,
          0.0
        ],
        "max": [
          0.0,
          0.0,
          0.0
        ]
      }
    }
  }
}