{
  "val": {
    "loss": 1.283052769537661,
    "qwk": [
      0.6104980853136217,
      0.5583418998943055,
      0.5829906946548367
    ],
    "qwk_average": 0.5839435599542546,
    "cm": [
      [
        [
          0,
          8,
          0,
          1,
          0
        ],
        [
          1,
          18,
          31,
          5,
          0
        ],
        [
          0,
          13,
          82,
          27,
          4
        ],
        [
          0,
          0,
          30,
          83,
          3
        ],
        [
          0,
          0,
          1,
          16,
          5
        ]
      ],
      [
        [
          0,
          4,
          4,
          2,
          0
        ],
        [
          2,
          16,
          27,
          8,
          0
        ],
        [
          0,
          10,
          80,
          29,
          0
        ],
        [
          0,
          1,
          23,
          106,
          4
        ],
        [
          0,
          0,
          2,
          9,
          1
        ]
      ],
      [
        [
          0,
          4,
          1,
          0,
          0
        ],
        [
          0,
          31,
          36,
          2,
          0
        ],
        [
          0,
          21,
          107,
          23,
          0
        ],
        [
          0,
          2,
          36,
          64,
          0
        ],
        [
          0,
          0,
          0,
          1,
          0
        ]
      ]
    ],
    "emd": [
      0.18813219337157377,
      0.20936347925316773,
      0.1922406171190641
    ],
    "macroEMD": 0.19657876324793522,
    "tail_recall0": [
      0.11363636363636363,
      0.041666666666666664,
      0.0
    ],
    "tail_recall0_average": 0.05176767676767677
  },
  "extra": {
    "static_stats": {
      "static/train/lambda": {
        "mean": [
          1.0,
          1.0,
          1.0
        ],
        "min": [
          1.0,
          1.0,
          1.0
        ],
        "max": [
          1.0,
          1.0,
          1.0
        ]
      },
      "static/train/rho": {
        "mean": [
          0.0,
          0.0,
          0.0
        ],
        "min": [
          0.0,
          0.0,
          0.0
        ],
        "max": [
          0.0,
          0.0,
          0.0
        ]
      },
      "static/val/lambda": {
        "mean": [
          1.0,
          1.0,
          1.0
        ],
        "min": [
          1.0,
          1.0,
          1.0
        ],
        "max": [
          1.0,
          1.0,
          1.0
        ]
      },
      "static/val/rho": {
        "mean": [
          0.0,
          0.0,
          0.0
        ],
        "min": [
          0.0,
          0.0,
          0.0
        ],
        "max": [
          0.0,
          0.0,
          0.0
        ]
      },
      "static/all/lambda": {
        "mean": [
          1.0,
          1.0,
          1.0
        ],
        "min": [
          1.0,
          1.0,
          1.0
        ],
        "max": [
          1.0,
          1.0,
          1.0
        ]
      },
      "static/all/rho": {
        "mean": [
          0.0,
          0.0,
          0.0
        ],
        "min": [
          0.0,
          0.0,
          0.0
        ],
        "max": [
          0.0,
          0.0,
          0.0
        ]
      }
    }
  }
}