{
  "val": {
    "loss": 1.2622404232125721,
    "qwk": [
      0.5517900029493967,
      0.6087536618615309,
      0.5798838629097653
    ],
    "qwk_average": 0.5801425092402309,
    "cm": [
      [
        [
          0,
          6,
          3,
          1,
          0
        ],
        [
          0,
          11,
          41,
          3,
          0
        ],
        [
          0,
          7,
          83,
          35,
          0
        ],
        [
          0,
          0,
          34,
          75,
          7
        ],
        [
          0,
          0,
          4,
          15,
          4
        ]
      ],
      [
        [
          0,
          5,
          4,
          0,
          0
        ],
        [
          0,
          20,
          28,
          5,
          0
        ],
        [
          0,
          16,
          70,
          35,
          1
        ],
        [
          0,
          1,
          22,
          108,
          2
        ],
        [
          0,
          0,
          0,
          12,
          0
        ]
      ],
      [
        [
          0,
          3,
          2,
          0,
          0
        ],
        [
          0,
          34,
          35,
          0,
          0
        ],
        [
          0,
          13,
          114,
          25,
          0
        ],
        [
          0,
          1,
          44,
          56,
          0
        ],
        [
          0,
          0,
          1,
          1,
          0
        ]
      ]
    ],
    "emd": [
      0.2121591589123494,
      0.21020699860659472,
      0.2218201332279043
    ],
    "macroEMD": 0.2147287635822828,
    "tail_recall0": [
      0.08695652173913043,
      0.0,
      0.0
    ],
    "tail_recall0_average": 0.028985507246376812
  },
  "extra": {
    "static_stats": {
      "static/train/lambda": {
        "mean": [
          1.0,
          1.0,
          1.0
        ],
        "min": [
          1.0,
          1.0,
          1.0
        ],
        "max": [
          1.0,
          1.0,
          1.0
        ]
      },
      "static/train/rho": {
        "mean": [
          0.0,
          0.0,
          0.0
        ],
        "min": [
          0.0,
          0.0,
          0.0
        ],
        "max": [
          0.0,
          0.0,
          0.0
        ]
      },
      "static/val/lambda": {
        "mean": [
          1.0,
          1.0,
          1.0
        ],
        "min": [
          1.0,
          1.0,
          1.0
        ],
        "max": [
          1.0,
          1.0,
          1.0
        ]
      },
      "static/val/rho": {
        "mean": [
          0.0,
          0.0,
          0.0
        ],
        "min": [
          0.0,
          0.0,
          0.0
        ],
        "max": [
          0.0,
          0.0,
          0.0
        ]
      },
      "static/all/lambda": {
        "mean": [
          1.0,
          1.0,
          1.0
        ],
        "min": [
          1.0,
          1.0,
          1.0
        ],
        "max": [
          1.0,
          1.0,
          1.0
        ]
      },
      "static/all/rho": {
        "mean": [
          0.0,
          0.0,
          0.0
        ],
        "min": [
          0.0,
          0.0,
          0.0
        ],
        "max": [
          0.0,
          0.0,
          0.0
        ]
      }
    }
  }
}