{
  "val": {
    "loss": 1.6829422990969722,
    "qwk": [
      0.24487911411422425,
      0.22569621544425167,
      0.37951199838677163
    ],
    "qwk_average": 0.28336244264841587,
    "cm": [
      [
        [
          0,
          3,
          1,
          0,
          0
        ],
        [
          0,
          5,
          9,
          1,
          0
        ],
        [
          0,
          9,
          49,
          19,
          1
        ],
        [
          0,
          1,
          86,
          74,
          1
        ],
        [
          0,
          1,
          35,
          27,
          1
        ]
      ],
      [
        [
          0,
          4,
          2,
          0,
          0
        ],
        [
          0,
          4,
          11,
          1,
          0
        ],
        [
          0,
          6,
          44,
          16,
          0
        ],
        [
          0,
          4,
          128,
          73,
          0
        ],
        [
          0,
          1,
          17,
          12,
          0
        ]
      ],
      [
        [
          0,
          1,
          0,
          0,
          0
        ],
        [
          0,
          14,
          15,
          0,
          0
        ],
        [
          0,
          14,
          91,
          6,
          0
        ],
        [
          0,
          7,
          116,
          58,
          0
        ],
        [
          0,
          0,
          0,
          1,
          0
        ]
      ]
    ],
    "emd": [
      0.23146045508182755,
      0.2421336146505074,
      0.18772328743863836
    ],
    "macroEMD": 0.2204391190569911,
    "tail_recall0": [
      0.0078125,
      0.0,
      0.0
    ],
    "tail_recall0_average": 0.0026041666666666665
  },
  "extra": {
    "static_stats": {
      "static/train/lambda": {
        "mean": [
          1.0,
          1.0,
          1.0
        ],
        "min": [
          1.0,
          1.0,
          1.0
        ],
        "max": [
          1.0,
          1.0,
          1.0
        ]
      },
      "static/val/lambda": {
        "mean": [
          1.0,
          1.0,
          1.0
        ],
        "min": [
          1.0,
          1.0,
          1.0
        ],
        "max": [
          1.0,
          1.0,
          1.0
        ]
      },
      "static/all/lambda": {
        "mean": [
          1.0,
          1.0,
          1.0
        ],
        "min": [
          1.0,
          1.0,
          1.0
        ],
        "max": [
          1.0,
          1.0,
          1.0
        ]
      }
    }
  }
}