{
  "val": {
    "loss": 10.373465856324655,
    "qwk": [
      0.6447158385486609,
      0.6256245333945902,
      0.6240560949298813
    ],
    "qwk_average": 0.6314654889577108,
    "cm": [
      [
        [
          2,
          3,
          3,
          1,
          0
        ],
        [
          2,
          24,
          27,
          2,
          0
        ],
        [
          1,
          12,
          80,
          30,
          2
        ],
        [
          0,
          0,
          25,
          85,
          6
        ],
        [
          0,
          0,
          2,
          17,
          4
        ]
      ],
      [
        [
          1,
          4,
          4,
          0,
          0
        ],
        [
          2,
          20,
          24,
          6,
          0
        ],
        [
          0,
          13,
          67,
          41,
          0
        ],
        [
          0,
          0,
          19,
          114,
          1
        ],
        [
          0,
          0,
          1,
          11,
          0
        ]
      ],
      [
        [
          0,
          3,
          1,
          1,
          0
        ],
        [
          2,
          30,
          35,
          2,
          0
        ],
        [
          0,
          20,
          104,
          27,
          0
        ],
        [
          0,
          1,
          22,
          78,
          0
        ],
        [
          0,
          0,
          0,
          2,
          0
        ]
      ]
    ],
    "emd": [
      0.3705930470090625,
      0.3701856554553362,
      0.3622041361749803
    ],
    "macroEMD": 0.36766094621312634,
    "tail_recall0": [
      0.19806763285024154,
      0.05555555555555555,
      0.0
    ],
    "tail_recall0_average": 0.08454106280193237
  },
  "extra": {
    "static_stats": {
      "static/train/lambda": {
        "mean": 1.0,
        "min": 1.0,
        "max": 1.0
      },
      "static/train/rho": {
        "mean": [
          0.0,
          0.0,
          0.0
        ],
        "min": [
          0.0,
          0.0,
          0.0
        ],
        "max": [
          0.0,
          0.0,
          0.0
        ]
      },
      "static/val/lambda": {
        "mean": 1.0,
        "min": 1.0,
        "max": 1.0
      },
      "static/val/rho": {
        "mean": [
          0.0,
          0.0,
          0.0
        ],
        "min": [
          0.0,
          0.0,
          0.0
        ],
        "max": [
          0.0,
          0.0,
          0.0
        ]
      },
      "static/all/lambda": {
        "mean": 1.0,
        "min": 1.0,
        "max": 1.0
      },
      "static/all/rho": {
        "mean": [
          0.0,
          0.0,
          0.0
        ],
        "min": [
          0.0,
          0.0,
          0.0
        ],
        "max": [
          0.0,
          0.0,
          0.0
        ]
      }
    }
  }
}