{
  "val": {
    "loss": 1.178996087853606,
    "qwk": [
      0.49719925313416913,
      0.5049840071756164,
      0.5022348638764731
    ],
    "qwk_average": 0.5014727080620862,
    "cm": [
      [
        [
          2,
          4,
          2,
          0,
          0
        ],
        [
          0,
          8,
          26,
          6,
          0
        ],
        [
          1,
          5,
          85,
          34,
          3
        ],
        [
          0,
          2,
          37,
          82,
          1
        ],
        [
          0,
          0,
          5,
          20,
          2
        ]
      ],
      [
        [
          0,
          5,
          1,
          0,
          0
        ],
        [
          3,
          5,
          32,
          8,
          0
        ],
        [
          2,
          2,
          69,
          40,
          0
        ],
        [
          0,
          0,
          43,
          104,
          1
        ],
        [
          0,
          0,
          0,
          10,
          0
        ]
      ],
      [
        [
          0,
          1,
          0,
          0,
          0
        ],
        [
          0,
          25,
          44,
          2,
          0
        ],
        [
          0,
          11,
          117,
          23,
          0
        ],
        [
          0,
          2,
          46,
          51,
          0
        ],
        [
          0,
          0,
          1,
          2,
          0
        ]
      ]
    ],
    "emd": [
      0.30651558868843465,
      0.3003885379316347,
      0.2760592706826328
    ],
    "macroEMD": 0.2943211324342341,
    "tail_recall0": [
      0.16203703703703703,
      0.0,
      0.0
    ],
    "tail_recall0_average": 0.05401234567901234
  },
  "extra": {
    "static_stats": {
      "static/train/lambda": {
        "mean": [
          1.0,
          1.0,
          1.0
        ],
        "min": [
          1.0,
          1.0,
          1.0
        ],
        "max": [
          1.0,
          1.0,
          1.0
        ]
      },
      "static/train/rho": {
        "mean": [
          0.0,
          0.0,
          0.0
        ],
        "min": [
          0.0,
          0.0,
          0.0
        ],
        "max": [
          0.0,
          0.0,
          0.0
        ]
      },
      "static/val/lambda": {
        "mean": [
          1.0,
          1.0,
          1.0
        ],
        "min": [
          1.0,
          1.0,
          1.0
        ],
        "max": [
          1.0,
          1.0,
          1.0
        ]
      },
      "static/val/rho": {
        "mean": [
          0.0,
          0.0,
          0.0
        ],
        "min": [
          0.0,
          0.0,
          0.0
        ],
        "max": [
          0.0,
          0.0,
          0.0
        ]
      },
      "static/all/lambda": {
        "mean": [
          1.0,
          1.0,
          1.0
        ],
        "min": [
          1.0,
          1.0,
          1.0
        ],
        "max": [
          1.0,
          1.0,
          1.0
        ]
      },
      "static/all/rho": {
        "mean": [
          0.0,
          0.0,
          0.0
        ],
        "min": [
          0.0,
          0.0,
          0.0
        ],
        "max": [
          0.0,
          0.0,
          0.0
        ]
      }
    }
  }
}