{
  "val": {
    "loss": 1.223978817419377,
    "qwk": [
      0.6081970694414951,
      0.5523245790471812,
      0.6648343904157857
    ],
    "qwk_average": 0.608452012968154,
    "cm": [
      [
        [
          3,
          5,
          2,
          0,
          0
        ],
        [
          2,
          13,
          36,
          2,
          1
        ],
        [
          0,
          17,
          77,
          31,
          0
        ],
        [
          0,
          0,
          33,
          81,
          2
        ],
        [
          0,
          0,
          3,
          17,
          3
        ]
      ],
      [
        [
          1,
          4,
          3,
          1,
          0
        ],
        [
          2,
          17,
          28,
          6,
          0
        ],
        [
          0,
          17,
          70,
          34,
          0
        ],
        [
          0,
          3,
          31,
          97,
          2
        ],
        [
          0,
          0,
          1,
          11,
          0
        ]
      ],
      [
        [
          2,
          3,
          0,
          0,
          0
        ],
        [
          0,
          39,
          30,
          0,
          0
        ],
        [
          0,
          20,
          114,
          17,
          0
        ],
        [
          0,
          1,
          40,
          60,
          0
        ],
        [
          0,
          0,
          0,
          2,
          0
        ]
      ]
    ],
    "emd": [
      0.18980512933282231,
      0.20672057932709467,
      0.1681622777674992
    ],
    "macroEMD": 0.1882293288091387,
    "tail_recall0": [
      0.2152173913043478,
      0.05555555555555555,
      0.2
    ],
    "tail_recall0_average": 0.15692431561996778
  },
  "extra": {
    "static_stats": {
      "static/train/lambda": {
        "mean": [
          1.0,
          1.0,
          1.0
        ],
        "min": [
          1.0,
          1.0,
          1.0
        ],
        "max": [
          1.0,
          1.0,
          1.0
        ]
      },
      "static/train/rho": {
        "mean": [
          0.0,
          0.0,
          0.0
        ],
        "min": [
          0.0,
          0.0,
          0.0
        ],
        "max": [
          0.0,
          0.0,
          0.0
        ]
      },
      "static/val/lambda": {
        "mean": [
          1.0,
          1.0,
          1.0
        ],
        "min": [
          1.0,
          1.0,
          1.0
        ],
        "max": [
          1.0,
          1.0,
          1.0
        ]
      },
      "static/val/rho": {
        "mean": [
          0.0,
          0.0,
          0.0
        ],
        "min": [
          0.0,
          0.0,
          0.0
        ],
        "max": [
          0.0,
          0.0,
          0.0
        ]
      },
      "static/all/lambda": {
        "mean": [
          1.0,
          1.0,
          1.0
        ],
        "min": [
          1.0,
          1.0,
          1.0
        ],
        "max": [
          1.0,
          1.0,
          1.0
        ]
      },
      "static/all/rho": {
        "mean": [
          0.0,
          0.0,
          0.0
        ],
        "min": [
          0.0,
          0.0,
          0.0
        ],
        "max": [
          0.0,
          0.0,
          0.0
        ]
      }
    }
  }
}