{
  "val": {
    "loss": 8.276125585577203,
    "qwk": [
      0.6413038044293355,
      0.5340497571029001,
      0.572837772933831
    ],
    "qwk_average": 0.5827304448220222,
    "cm": [
      [
        [
          1,
          8,
          1,
          0,
          0
        ],
        [
          1,
          18,
          34,
          1,
          0
        ],
        [
          1,
          22,
          70,
          30,
          2
        ],
        [
          0,
          1,
          26,
          85,
          4
        ],
        [
          0,
          0,
          3,
          14,
          6
        ]
      ],
      [
        [
          0,
          4,
          5,
          0,
          0
        ],
        [
          2,
          9,
          38,
          4,
          0
        ],
        [
          0,
          13,
          67,
          39,
          2
        ],
        [
          0,
          0,
          31,
          97,
          5
        ],
        [
          0,
          0,
          2,
          9,
          1
        ]
      ],
      [
        [
          0,
          4,
          1,
          0,
          0
        ],
        [
          0,
          31,
          37,
          1,
          0
        ],
        [
          0,
          15,
          114,
          22,
          0
        ],
        [
          0,
          3,
          38,
          60,
          0
        ],
        [
          0,
          0,
          1,
          1,
          0
        ]
      ]
    ],
    "emd": [
      0.21681191571645195,
      0.24639803397485854,
      0.23163115476090548
    ],
    "macroEMD": 0.231613701484072,
    "tail_recall0": [
      0.18043478260869567,
      0.041666666666666664,
      0.0
    ],
    "tail_recall0_average": 0.07403381642512077
  },
  "extra": {
    "static_stats": {
      "static/train/lambda": {
        "mean": 1.0,
        "min": 1.0,
        "max": 1.0
      },
      "static/train/rho": {
        "mean": [
          0.0,
          0.0,
          0.0
        ],
        "min": [
          0.0,
          0.0,
          0.0
        ],
        "max": [
          0.0,
          0.0,
          0.0
        ]
      },
      "static/val/lambda": {
        "mean": 1.0,
        "min": 1.0,
        "max": 1.0
      },
      "static/val/rho": {
        "mean": [
          0.0,
          0.0,
          0.0
        ],
        "min": [
          0.0,
          0.0,
          0.0
        ],
        "max": [
          0.0,
          0.0,
          0.0
        ]
      },
      "static/all/lambda": {
        "mean": 1.0,
        "min": 1.0,
        "max": 1.0
      },
      "static/all/rho": {
        "mean": [
          0.0,
          0.0,
          0.0
        ],
        "min": [
          0.0,
          0.0,
          0.0
        ],
        "max": [
          0.0,
          0.0,
          0.0
        ]
      }
    }
  }
}