{
  "val": {
    "loss": 1.4061875796731051,
    "qwk": [
      0.5616087751371115,
      0.5646666818814616,
      0.5024896265560166
    ],
    "qwk_average": 0.5429216945248633,
    "cm": [
      [
        [
          0,
          8,
          5,
          0,
          0
        ],
        [
          1,
          8,
          42,
          1,
          0
        ],
        [
          0,
          9,
          71,
          34,
          0
        ],
        [
          0,
          1,
          37,
          99,
          2
        ],
        [
          0,
          0,
          2,
          7,
          0
        ]
      ],
      [
        [
          0,
          3,
          4,
          0,
          0
        ],
        [
          0,
          22,
          30,
          3,
          0
        ],
        [
          0,
          14,
          52,
          48,
          0
        ],
        [
          0,
          4,
          25,
          114,
          0
        ],
        [
          0,
          0,
          1,
          7,
          0
        ]
      ],
      [
        [
          0,
          0,
          6,
          0,
          0
        ],
        [
          0,
          15,
          50,
          0,
          0
        ],
        [
          0,
          8,
          112,
          23,
          0
        ],
        [
          0,
          0,
          43,
          67,
          0
        ],
        [
          0,
          0,
          1,
          2,
          0
        ]
      ]
    ],
    "emd": [
      0.3043606521285813,
      0.28396100382312756,
      0.2959669103935693
    ],
    "macroEMD": 0.29476285544842606,
    "tail_recall0": [
      0.0,
      0.0,
      0.0
    ],
    "tail_recall0_average": 0.0
  },
  "extra": {
    "static_stats": {
      "static/train/lambda": {
        "mean": [
          1.0,
          1.0,
          1.0
        ],
        "min": [
          1.0,
          1.0,
          1.0
        ],
        "max": [
          1.0,
          1.0,
          1.0
        ]
      },
      "static/train/rho": {
        "mean": [
          0.0,
          0.0,
          0.0
        ],
        "min": [
          0.0,
          0.0,
          0.0
        ],
        "max": [
          0.0,
          0.0,
          0.0
        ]
      },
      "static/val/lambda": {
        "mean": [
          1.0,
          1.0,
          1.0
        ],
        "min": [
          1.0,
          1.0,
          1.0
        ],
        "max": [
          1.0,
          1.0,
          1.0
        ]
      },
      "static/val/rho": {
        "mean": [
          0.0,
          0.0,
          0.0
        ],
        "min": [
          0.0,
          0.0,
          0.0
        ],
        "max": [
          0.0,
          0.0,
          0.0
        ]
      },
      "static/all/lambda": {
        "mean": [
          1.0,
          1.0,
          1.0
        ],
        "min": [
          1.0,
          1.0,
          1.0
        ],
        "max": [
          1.0,
          1.0,
          1.0
        ]
      },
      "static/all/rho": {
        "mean": [
          0.0,
          0.0,
          0.0
        ],
        "min": [
          0.0,
          0.0,
          0.0
        ],
        "max": [
          0.0,
          0.0,
          0.0
        ]
      }
    }
  }
}