{
  "val": {
    "loss": 1.4882396103550408,
    "qwk": [
      0.5016548631623902,
      0.3877754741610996,
      0.49092796346273615
    ],
    "qwk_average": 0.46011943359540863,
    "cm": [
      [
        [
          1,
          0,
          7,
          2,
          0
        ],
        [
          2,
          4,
          34,
          1,
          0
        ],
        [
          0,
          4,
          88,
          28,
          2
        ],
        [
          0,
          0,
          53,
          79,
          9
        ],
        [
          0,
          0,
          3,
          9,
          9
        ]
      ],
      [
        [
          0,
          3,
          5,
          5,
          0
        ],
        [
          0,
          6,
          24,
          9,
          0
        ],
        [
          0,
          5,
          57,
          42,
          0
        ],
        [
          0,
          0,
          37,
          125,
          1
        ],
        [
          0,
          0,
          3,
          13,
          0
        ]
      ],
      [
        [
          0,
          5,
          7,
          0,
          0
        ],
        [
          0,
          17,
          32,
          3,
          0
        ],
        [
          0,
          20,
          103,
          35,
          0
        ],
        [
          0,
          2,
          40,
          68,
          0
        ],
        [
          0,
          0,
          0,
          3,
          0
        ]
      ]
    ],
    "emd": [
      0.2422594965646354,
      0.2652073259842045,
      0.22378794542032932
    ],
    "macroEMD": 0.2437515893230564,
    "tail_recall0": [
      0.2642857142857143,
      0.0,
      0.0
    ],
    "tail_recall0_average": 0.0880952380952381
  },
  "extra": {
    "static_stats": {
      "static/train/lambda": {
        "mean": [
          1.0,
          1.0,
          1.0
        ],
        "min": [
          1.0,
          1.0,
          1.0
        ],
        "max": [
          1.0,
          1.0,
          1.0
        ]
      },
      "static/train/rho": {
        "mean": [
          0.0,
          0.0,
          0.0
        ],
        "min": [
          0.0,
          0.0,
          0.0
        ],
        "max": [
          0.0,
          0.0,
          0.0
        ]
      },
      "static/val/lambda": {
        "mean": [
          1.0,
          1.0,
          1.0
        ],
        "min": [
          1.0,
          1.0,
          1.0
        ],
        "max": [
          1.0,
          1.0,
          1.0
        ]
      },
      "static/val/rho": {
        "mean": [
          0.0,
          0.0,
          0.0
        ],
        "min": [
          0.0,
          0.0,
          0.0
        ],
        "max": [
          0.0,
          0.0,
          0.0
        ]
      },
      "static/all/lambda": {
        "mean": [
          1.0,
          1.0,
          1.0
        ],
        "min": [
          1.0,
          1.0,
          1.0
        ],
        "max": [
          1.0,
          1.0,
          1.0
        ]
      },
      "static/all/rho": {
        "mean": [
          0.0,
          0.0,
          0.0
        ],
        "min": [
          0.0,
          0.0,
          0.0
        ],
        "max": [
          0.0,
          0.0,
          0.0
        ]
      }
    }
  }
}