{
  "val": {
    "loss": 2.5347013999705537,
    "qwk": [
      0.4889910782716105,
      0.3931205809287216,
      0.37751449028298667
    ],
    "qwk_average": 0.41987538316110623,
    "cm": [
      [
        [
          0,
          1,
          8,
          1,
          0
        ],
        [
          0,
          5,
          31,
          4,
          1
        ],
        [
          0,
          4,
          76,
          40,
          2
        ],
        [
          0,
          0,
          30,
          107,
          4
        ],
        [
          0,
          0,
          2,
          13,
          6
        ]
      ],
      [
        [
          0,
          1,
          9,
          3,
          0
        ],
        [
          0,
          4,
          26,
          9,
          0
        ],
        [
          0,
          8,
          55,
          41,
          0
        ],
        [
          0,
          1,
          35,
          127,
          0
        ],
        [
          0,
          0,
          3,
          11,
          2
        ]
      ],
      [
        [
          0,
          0,
          11,
          1,
          0
        ],
        [
          0,
          5,
          41,
          6,
          0
        ],
        [
          0,
          17,
          97,
          44,
          0
        ],
        [
          0,
          1,
          32,
          77,
          0
        ],
        [
          0,
          0,
          0,
          3,
          0
        ]
      ]
    ],
    "emd": [
      0.22510071287961425,
      0.24663643713716113,
      0.23202193592036768
    ],
    "macroEMD": 0.2345863619790477,
    "tail_recall0": [
      0.14285714285714285,
      0.0625,
      0.0
    ],
    "tail_recall0_average": 0.06845238095238095
  },
  "extra": {
    "static_stats": {}
  }
}