{
  "val": {
    "loss": 10.303080555770393,
    "qwk": [
      0.6198432461586129,
      0.6095406107023507,
      0.6080962995987516
    ],
    "qwk_average": 0.6124933854865717,
    "cm": [
      [
        [
          2,
          5,
          2,
          0,
          0
        ],
        [
          3,
          23,
          23,
          6,
          0
        ],
        [
          3,
          19,
          70,
          31,
          3
        ],
        [
          0,
          3,
          23,
          82,
          8
        ],
        [
          0,
          0,
          3,
          10,
          9
        ]
      ],
      [
        [
          1,
          6,
          2,
          1,
          0
        ],
        [
          0,
          18,
          30,
          5,
          0
        ],
        [
          1,
          10,
          69,
          39,
          0
        ],
        [
          0,
          2,
          22,
          110,
          0
        ],
        [
          0,
          0,
          0,
          10,
          2
        ]
      ],
      [
        [
          1,
          4,
          0,
          0,
          0
        ],
        [
          0,
          29,
          37,
          3,
          0
        ],
        [
          0,
          14,
          107,
          30,
          0
        ],
        [
          0,
          1,
          32,
          69,
          0
        ],
        [
          0,
          0,
          0,
          1,
          0
        ]
      ]
    ],
    "emd": [
      0.3652722174476331,
      0.3684921920063355,
      0.3640271378017128
    ],
    "macroEMD": 0.3659305157518938,
    "tail_recall0": [
      0.31565656565656564,
      0.13333333333333333,
      0.1
    ],
    "tail_recall0_average": 0.18299663299663296
  },
  "extra": {
    "static_stats": {
      "static/train/lambda": {
        "mean": 1.0,
        "min": 1.0,
        "max": 1.0
      },
      "static/train/rho": {
        "mean": [
          0.0,
          0.0,
          0.0
        ],
        "min": [
          0.0,
          0.0,
          0.0
        ],
        "max": [
          0.0,
          0.0,
          0.0
        ]
      },
      "static/val/lambda": {
        "mean": 1.0,
        "min": 1.0,
        "max": 1.0
      },
      "static/val/rho": {
        "mean": [
          0.0,
          0.0,
          0.0
        ],
        "min": [
          0.0,
          0.0,
          0.0
        ],
        "max": [
          0.0,
          0.0,
          0.0
        ]
      },
      "static/all/lambda": {
        "mean": 1.0,
        "min": 1.0,
        "max": 1.0
      },
      "static/all/rho": {
        "mean": [
          0.0,
          0.0,
          0.0
        ],
        "min": [
          0.0,
          0.0,
          0.0
        ],
        "max": [
          0.0,
          0.0,
          0.0
        ]
      }
    }
  }
}