{
  "val": {
    "loss": 1.1240686284374286,
    "qwk": [
      0.6340892820617713,
      0.6363210969977688,
      0.6019126834033933
    ],
    "qwk_average": 0.6241076874876444,
    "cm": [
      [
        [
          2,
          6,
          2,
          0,
          0
        ],
        [
          0,
          25,
          27,
          3,
          0
        ],
        [
          0,
          10,
          84,
          30,
          1
        ],
        [
          0,
          1,
          34,
          71,
          10
        ],
        [
          0,
          0,
          3,
          17,
          3
        ]
      ],
      [
        [
          1,
          6,
          1,
          1,
          0
        ],
        [
          1,
          27,
          19,
          6,
          0
        ],
        [
          1,
          18,
          71,
          32,
          0
        ],
        [
          0,
          4,
          19,
          110,
          0
        ],
        [
          0,
          0,
          0,
          11,
          1
        ]
      ],
      [
        [
          1,
          3,
          0,
          0,
          0
        ],
        [
          1,
          34,
          32,
          2,
          0
        ],
        [
          0,
          20,
          109,
          23,
          0
        ],
        [
          0,
          0,
          46,
          56,
          0
        ],
        [
          0,
          0,
          0,
          2,
          0
        ]
      ]
    ],
    "emd": [
      0.2920130827832745,
      0.27951791439505774,
      0.26912692191322735
    ],
    "macroEMD": 0.28021930636385317,
    "tail_recall0": [
      0.16521739130434782,
      0.09722222222222221,
      0.125
    ],
    "tail_recall0_average": 0.12914653784219002
  },
  "extra": {
    "static_stats": {
      "static/train/lambda": {
        "mean": [
          1.0,
          1.0,
          1.0
        ],
        "min": [
          1.0,
          1.0,
          1.0
        ],
        "max": [
          1.0,
          1.0,
          1.0
        ]
      },
      "static/train/rho": {
        "mean": [
          0.0,
          0.0,
          0.0
        ],
        "min": [
          0.0,
          0.0,
          0.0
        ],
        "max": [
          0.0,
          0.0,
          0.0
        ]
      },
      "static/val/lambda": {
        "mean": [
          1.0,
          1.0,
          1.0
        ],
        "min": [
          1.0,
          1.0,
          1.0
        ],
        "max": [
          1.0,
          1.0,
          1.0
        ]
      },
      "static/val/rho": {
        "mean": [
          0.0,
          0.0,
          0.0
        ],
        "min": [
          0.0,
          0.0,
          0.0
        ],
        "max": [
          0.0,
          0.0,
          0.0
        ]
      },
      "static/all/lambda": {
        "mean": [
          1.0,
          1.0,
          1.0
        ],
        "min": [
          1.0,
          1.0,
          1.0
        ],
        "max": [
          1.0,
          1.0,
          1.0
        ]
      },
      "static/all/rho": {
        "mean": [
          0.0,
          0.0,
          0.0
        ],
        "min": [
          0.0,
          0.0,
          0.0
        ],
        "max": [
          0.0,
          0.0,
          0.0
        ]
      }
    }
  }
}