{
  "val": {
    "loss": 1.4949549867724146,
    "qwk": [
      0.47173730314755513,
      0.36953825953753006,
      0.4167352418900776
    ],
    "qwk_average": 0.4193369348583876,
    "cm": [
      [
        [
          0,
          1,
          8,
          1,
          0
        ],
        [
          1,
          7,
          29,
          3,
          1
        ],
        [
          0,
          2,
          73,
          43,
          4
        ],
        [
          0,
          0,
          40,
          90,
          11
        ],
        [
          0,
          0,
          3,
          10,
          8
        ]
      ],
      [
        [
          0,
          3,
          7,
          3,
          0
        ],
        [
          1,
          4,
          19,
          15,
          0
        ],
        [
          1,
          5,
          47,
          50,
          1
        ],
        [
          0,
          0,
          33,
          127,
          3
        ],
        [
          0,
          0,
          2,
          13,
          1
        ]
      ],
      [
        [
          0,
          4,
          8,
          0,
          0
        ],
        [
          0,
          9,
          39,
          4,
          0
        ],
        [
          0,
          18,
          102,
          38,
          0
        ],
        [
          0,
          1,
          44,
          65,
          0
        ],
        [
          0,
          0,
          1,
          2,
          0
        ]
      ]
    ],
    "emd": [
      0.24410301844373522,
      0.26932974146248523,
      0.24028995863155272
    ],
    "macroEMD": 0.2512409061792577,
    "tail_recall0": [
      0.19047619047619047,
      0.03125,
      0.0
    ],
    "tail_recall0_average": 0.07390873015873016
  },
  "extra": {
    "static_stats": {
      "static/train/lambda": {
        "mean": [
          1.0,
          1.0,
          1.0
        ],
        "min": [
          1.0,
          1.0,
          1.0
        ],
        "max": [
          1.0,
          1.0,
          1.0
        ]
      },
      "static/train/rho": {
        "mean": [
          0.0,
          0.0,
          0.0
        ],
        "min": [
          0.0,
          0.0,
          0.0
        ],
        "max": [
          0.0,
          0.0,
          0.0
        ]
      },
      "static/val/lambda": {
        "mean": [
          1.0,
          1.0,
          1.0
        ],
        "min": [
          1.0,
          1.0,
          1.0
        ],
        "max": [
          1.0,
          1.0,
          1.0
        ]
      },
      "static/val/rho": {
        "mean": [
          0.0,
          0.0,
          0.0
        ],
        "min": [
          0.0,
          0.0,
          0.0
        ],
        "max": [
          0.0,
          0.0,
          0.0
        ]
      },
      "static/all/lambda": {
        "mean": [
          1.0,
          1.0,
          1.0
        ],
        "min": [
          1.0,
          1.0,
          1.0
        ],
        "max": [
          1.0,
          1.0,
          1.0
        ]
      },
      "static/all/rho": {
        "mean": [
          0.0,
          0.0,
          0.0
        ],
        "min": [
          0.0,
          0.0,
          0.0
        ],
        "max": [
          0.0,
          0.0,
          0.0
        ]
      }
    }
  }
}