{
  "val": {
    "loss": 11.109775931542055,
    "qwk": [
      0.37679041216018705,
      0.3453705764522591,
      0.3276557597489914
    ],
    "qwk_average": 0.34993891612047917,
    "cm": [
      [
        [
          3,
          0,
          0,
          4,
          0
        ],
        [
          19,
          18,
          43,
          15,
          3
        ],
        [
          11,
          17,
          76,
          51,
          0
        ],
        [
          1,
          0,
          15,
          41,
          2
        ],
        [
          0,
          0,
          0,
          5,
          1
        ]
      ],
      [
        [
          4,
          2,
          2,
          6,
          0
        ],
        [
          11,
          28,
          17,
          26,
          0
        ],
        [
          4,
          27,
          40,
          94,
          1
        ],
        [
          0,
          5,
          3,
          53,
          0
        ],
        [
          0,
          0,
          0,
          2,
          0
        ]
      ],
      [
        [
          0,
          2,
          2,
          1,
          0
        ],
        [
          0,
          51,
          37,
          16,
          0
        ],
        [
          0,
          43,
          77,
          60,
          0
        ],
        [
          0,
          1,
          13,
          22,
          0
        ],
        [
          0,
          0,
          0,
          0,
          0
        ]
      ]
    ],
    "emd": [
      0.376053288877316,
      0.37407255121740135,
      0.3459289233286718
    ],
    "macroEMD": 0.36535158780779636,
    "tail_recall0": [
      0.2976190476190476,
      0.14285714285714285,
      0.0
    ],
    "tail_recall0_average": 0.14682539682539683
  },
  "extra": {
    "static_stats": {
      "static/train/lambda": {
        "mean": 1.0,
        "min": 1.0,
        "max": 1.0
      },
      "static/train/rho": {
        "mean": [
          0.0,
          0.0,
          0.0
        ],
        "min": [
          0.0,
          0.0,
          0.0
        ],
        "max": [
          0.0,
          0.0,
          0.0
        ]
      },
      "static/val/lambda": {
        "mean": 1.0,
        "min": 1.0,
        "max": 1.0
      },
      "static/val/rho": {
        "mean": [
          0.0,
          0.0,
          0.0
        ],
        "min": [
          0.0,
          0.0,
          0.0
        ],
        "max": [
          0.0,
          0.0,
          0.0
        ]
      },
      "static/all/lambda": {
        "mean": 1.0,
        "min": 1.0,
        "max": 1.0
      },
      "static/all/rho": {
        "mean": [
          0.0,
          0.0,
          0.0
        ],
        "min": [
          0.0,
          0.0,
          0.0
        ],
        "max": [
          0.0,
          0.0,
          0.0
        ]
      }
    }
  }
}