{
  "val": {
    "loss": 10.676920998553435,
    "qwk": [
      0.46108956339180873,
      0.4613989556299053,
      0.528575572961996
    ],
    "qwk_average": 0.4836880306612367,
    "cm": [
      [
        [
          0,
          6,
          2,
          0,
          0
        ],
        [
          2,
          8,
          21,
          9,
          0
        ],
        [
          3,
          9,
          68,
          44,
          4
        ],
        [
          0,
          0,
          39,
          80,
          3
        ],
        [
          0,
          0,
          4,
          21,
          2
        ]
      ],
      [
        [
          0,
          3,
          3,
          0,
          0
        ],
        [
          1,
          13,
          24,
          10,
          0
        ],
        [
          3,
          9,
          56,
          44,
          1
        ],
        [
          0,
          3,
          42,
          102,
          1
        ],
        [
          0,
          0,
          0,
          8,
          2
        ]
      ],
      [
        [
          1,
          0,
          0,
          0,
          0
        ],
        [
          0,
          24,
          45,
          2,
          0
        ],
        [
          0,
          22,
          87,
          42,
          0
        ],
        [
          0,
          2,
          29,
          68,
          0
        ],
        [
          0,
          0,
          1,
          2,
          0
        ]
      ]
    ],
    "emd": [
      0.3744603036352181,
      0.3703480951380623,
      0.36660574330887613
    ],
    "macroEMD": 0.3704713806940522,
    "tail_recall0": [
      0.037037037037037035,
      0.1,
      0.5
    ],
    "tail_recall0_average": 0.2123456790123457
  },
  "extra": {
    "static_stats": {
      "static/train/lambda": {
        "mean": 1.0,
        "min": 1.0,
        "max": 1.0
      },
      "static/train/rho": {
        "mean": [
          0.0,
          0.0,
          0.0
        ],
        "min": [
          0.0,
          0.0,
          0.0
        ],
        "max": [
          0.0,
          0.0,
          0.0
        ]
      },
      "static/val/lambda": {
        "mean": 1.0,
        "min": 1.0,
        "max": 1.0
      },
      "static/val/rho": {
        "mean": [
          0.0,
          0.0,
          0.0
        ],
        "min": [
          0.0,
          0.0,
          0.0
        ],
        "max": [
          0.0,
          0.0,
          0.0
        ]
      },
      "static/all/lambda": {
        "mean": 1.0,
        "min": 1.0,
        "max": 1.0
      },
      "static/all/rho": {
        "mean": [
          0.0,
          0.0,
          0.0
        ],
        "min": [
          0.0,
          0.0,
          0.0
        ],
        "max": [
          0.0,
          0.0,
          0.0
        ]
      }
    }
  }
}