{
  "val": {
    "loss": 8.180580858887916,
    "qwk": [
      0.6241363677577296,
      0.573880973810726,
      0.5365014229929181
    ],
    "qwk_average": 0.578172921520458,
    "cm": [
      [
        [
          2,
          5,
          2,
          1,
          0
        ],
        [
          2,
          13,
          37,
          3,
          0
        ],
        [
          1,
          6,
          81,
          32,
          5
        ],
        [
          0,
          0,
          28,
          77,
          11
        ],
        [
          0,
          0,
          1,
          11,
          11
        ]
      ],
      [
        [
          0,
          3,
          6,
          0,
          0
        ],
        [
          0,
          17,
          31,
          5,
          0
        ],
        [
          1,
          7,
          81,
          30,
          3
        ],
        [
          0,
          1,
          23,
          104,
          5
        ],
        [
          0,
          0,
          1,
          10,
          1
        ]
      ],
      [
        [
          0,
          2,
          3,
          0,
          0
        ],
        [
          0,
          28,
          41,
          0,
          0
        ],
        [
          0,
          17,
          110,
          25,
          0
        ],
        [
          0,
          0,
          44,
          57,
          0
        ],
        [
          0,
          0,
          2,
          0,
          0
        ]
      ]
    ],
    "emd": [
      0.22193477878682072,
      0.25003790100424345,
      0.2604534861739637
    ],
    "macroEMD": 0.24414205532167596,
    "tail_recall0": [
      0.33913043478260874,
      0.041666666666666664,
      0.0
    ],
    "tail_recall0_average": 0.12693236714975847
  },
  "extra": {
    "static_stats": {
      "static/train/lambda": {
        "mean": 1.0,
        "min": 1.0,
        "max": 1.0
      },
      "static/train/rho": {
        "mean": [
          0.0,
          0.0,
          0.0
        ],
        "min": [
          0.0,
          0.0,
          0.0
        ],
        "max": [
          0.0,
          0.0,
          0.0
        ]
      },
      "static/val/lambda": {
        "mean": 1.0,
        "min": 1.0,
        "max": 1.0
      },
      "static/val/rho": {
        "mean": [
          0.0,
          0.0,
          0.0
        ],
        "min": [
          0.0,
          0.0,
          0.0
        ],
        "max": [
          0.0,
          0.0,
          0.0
        ]
      },
      "static/all/lambda": {
        "mean": 1.0,
        "min": 1.0,
        "max": 1.0
      },
      "static/all/rho": {
        "mean": [
          0.0,
          0.0,
          0.0
        ],
        "min": [
          0.0,
          0.0,
          0.0
        ],
        "max": [
          0.0,
          0.0,
          0.0
        ]
      }
    }
  }
}