{
  "val": {
    "loss": 8.46265727318298,
    "qwk": [
      0.5431734680085032,
      0.5873195603680323,
      0.5562172528652309
    ],
    "qwk_average": 0.5622367604139221,
    "cm": [
      [
        [
          2,
          4,
          3,
          1,
          0
        ],
        [
          1,
          15,
          32,
          6,
          1
        ],
        [
          0,
          10,
          80,
          31,
          4
        ],
        [
          0,
          1,
          34,
          71,
          10
        ],
        [
          0,
          1,
          3,
          9,
          10
        ]
      ],
      [
        [
          2,
          3,
          4,
          0,
          0
        ],
        [
          0,
          23,
          26,
          3,
          1
        ],
        [
          0,
          19,
          73,
          28,
          2
        ],
        [
          0,
          2,
          42,
          83,
          6
        ],
        [
          0,
          0,
          0,
          8,
          4
        ]
      ],
      [
        [
          1,
          1,
          2,
          0,
          0
        ],
        [
          0,
          28,
          39,
          2,
          0
        ],
        [
          0,
          18,
          105,
          29,
          0
        ],
        [
          0,
          0,
          42,
          60,
          0
        ],
        [
          0,
          0,
          0,
          2,
          0
        ]
      ]
    ],
    "emd": [
      0.23272603995960903,
      0.25292996218701014,
      0.23340502754346354
    ],
    "macroEMD": 0.23968700989669423,
    "tail_recall0": [
      0.3173913043478261,
      0.2777777777777778,
      0.125
    ],
    "tail_recall0_average": 0.24005636070853464
  },
  "extra": {
    "static_stats": {
      "static/train/lambda": {
        "mean": 1.0,
        "min": 1.0,
        "max": 1.0
      },
      "static/train/rho": {
        "mean": [
          0.0,
          0.0,
          0.0
        ],
        "min": [
          0.0,
          0.0,
          0.0
        ],
        "max": [
          0.0,
          0.0,
          0.0
        ]
      },
      "static/val/lambda": {
        "mean": 1.0,
        "min": 1.0,
        "max": 1.0
      },
      "static/val/rho": {
        "mean": [
          0.0,
          0.0,
          0.0
        ],
        "min": [
          0.0,
          0.0,
          0.0
        ],
        "max": [
          0.0,
          0.0,
          0.0
        ]
      },
      "static/all/lambda": {
        "mean": 1.0,
        "min": 1.0,
        "max": 1.0
      },
      "static/all/rho": {
        "mean": [
          0.0,
          0.0,
          0.0
        ],
        "min": [
          0.0,
          0.0,
          0.0
        ],
        "max": [
          0.0,
          0.0,
          0.0
        ]
      }
    }
  }
}