{
  "val": {
    "loss": 10.662037160070359,
    "qwk": [
      0.5771907724803095,
      0.6090384464858787,
      0.5467539176855518
    ],
    "qwk_average": 0.5776610455505801,
    "cm": [
      [
        [
          2,
          6,
          2,
          0,
          0
        ],
        [
          1,
          20,
          30,
          4,
          0
        ],
        [
          0,
          11,
          86,
          25,
          3
        ],
        [
          0,
          2,
          40,
          65,
          9
        ],
        [
          0,
          0,
          6,
          12,
          5
        ]
      ],
      [
        [
          1,
          5,
          2,
          1,
          0
        ],
        [
          0,
          20,
          29,
          3,
          1
        ],
        [
          1,
          15,
          81,
          25,
          0
        ],
        [
          0,
          1,
          33,
          95,
          4
        ],
        [
          0,
          0,
          0,
          10,
          2
        ]
      ],
      [
        [
          1,
          2,
          1,
          0,
          0
        ],
        [
          0,
          32,
          31,
          6,
          0
        ],
        [
          0,
          21,
          95,
          36,
          0
        ],
        [
          0,
          0,
          37,
          65,
          0
        ],
        [
          0,
          0,
          1,
          1,
          0
        ]
      ]
    ],
    "emd": [
      0.3685059263946853,
      0.36654807019805713,
      0.3649989129037709
    ],
    "macroEMD": 0.3666843031655045,
    "tail_recall0": [
      0.20869565217391306,
      0.1388888888888889,
      0.125
    ],
    "tail_recall0_average": 0.15752818035426733
  },
  "extra": {
    "static_stats": {
      "static/train/lambda": {
        "mean": 1.0,
        "min": 1.0,
        "max": 1.0
      },
      "static/train/rho": {
        "mean": [
          0.0,
          0.0,
          0.0
        ],
        "min": [
          0.0,
          0.0,
          0.0
        ],
        "max": [
          0.0,
          0.0,
          0.0
        ]
      },
      "static/val/lambda": {
        "mean": 1.0,
        "min": 1.0,
        "max": 1.0
      },
      "static/val/rho": {
        "mean": [
          0.0,
          0.0,
          0.0
        ],
        "min": [
          0.0,
          0.0,
          0.0
        ],
        "max": [
          0.0,
          0.0,
          0.0
        ]
      },
      "static/all/lambda": {
        "mean": 1.0,
        "min": 1.0,
        "max": 1.0
      },
      "static/all/rho": {
        "mean": [
          0.0,
          0.0,
          0.0
        ],
        "min": [
          0.0,
          0.0,
          0.0
        ],
        "max": [
          0.0,
          0.0,
          0.0
        ]
      }
    }
  }
}