{
  "val": {
    "loss": 1.3946014188408395,
    "qwk": [
      0.5541134003153628,
      0.574642303051198,
      0.5619415799671261
    ],
    "qwk_average": 0.5635657611112289,
    "cm": [
      [
        [
          2,
          2,
          5,
          1,
          0
        ],
        [
          1,
          18,
          29,
          7,
          0
        ],
        [
          0,
          8,
          74,
          42,
          1
        ],
        [
          0,
          1,
          21,
          88,
          6
        ],
        [
          0,
          1,
          2,
          17,
          3
        ]
      ],
      [
        [
          1,
          4,
          3,
          1,
          0
        ],
        [
          0,
          20,
          26,
          7,
          0
        ],
        [
          0,
          17,
          66,
          39,
          0
        ],
        [
          0,
          3,
          18,
          112,
          0
        ],
        [
          0,
          0,
          1,
          11,
          0
        ]
      ],
      [
        [
          1,
          0,
          3,
          0,
          0
        ],
        [
          1,
          29,
          38,
          1,
          0
        ],
        [
          0,
          18,
          110,
          24,
          0
        ],
        [
          0,
          1,
          42,
          59,
          0
        ],
        [
          0,
          0,
          0,
          2,
          0
        ]
      ]
    ],
    "emd": [
      0.2934400765280367,
      0.2753244923766112,
      0.28127097400398376
    ],
    "macroEMD": 0.2833451809695439,
    "tail_recall0": [
      0.16521739130434782,
      0.05555555555555555,
      0.125
    ],
    "tail_recall0_average": 0.11525764895330111
  },
  "extra": {
    "static_stats": {
      "static/train/lambda": {
        "mean": [
          1.0,
          1.0,
          1.0
        ],
        "min": [
          1.0,
          1.0,
          1.0
        ],
        "max": [
          1.0,
          1.0,
          1.0
        ]
      },
      "static/train/rho": {
        "mean": [
          0.0,
          0.0,
          0.0
        ],
        "min": [
          0.0,
          0.0,
          0.0
        ],
        "max": [
          0.0,
          0.0,
          0.0
        ]
      },
      "static/val/lambda": {
        "mean": [
          1.0,
          1.0,
          1.0
        ],
        "min": [
          1.0,
          1.0,
          1.0
        ],
        "max": [
          1.0,
          1.0,
          1.0
        ]
      },
      "static/val/rho": {
        "mean": [
          0.0,
          0.0,
          0.0
        ],
        "min": [
          0.0,
          0.0,
          0.0
        ],
        "max": [
          0.0,
          0.0,
          0.0
        ]
      },
      "static/all/lambda": {
        "mean": [
          1.0,
          1.0,
          1.0
        ],
        "min": [
          1.0,
          1.0,
          1.0
        ],
        "max": [
          1.0,
          1.0,
          1.0
        ]
      },
      "static/all/rho": {
        "mean": [
          0.0,
          0.0,
          0.0
        ],
        "min": [
          0.0,
          0.0,
          0.0
        ],
        "max": [
          0.0,
          0.0,
          0.0
        ]
      }
    }
  }
}