{
  "val": {
    "loss": 1.4000861594021574,
    "qwk": [
      0.611434862209671,
      0.5763989724114822,
      0.594183148344062
    ],
    "qwk_average": 0.5940056609884051,
    "cm": [
      [
        [
          0,
          7,
          1,
          1,
          0
        ],
        [
          3,
          18,
          27,
          6,
          1
        ],
        [
          0,
          13,
          81,
          28,
          4
        ],
        [
          0,
          3,
          25,
          79,
          9
        ],
        [
          0,
          0,
          1,
          8,
          13
        ]
      ],
      [
        [
          1,
          7,
          1,
          1,
          0
        ],
        [
          4,
          15,
          24,
          10,
          0
        ],
        [
          0,
          10,
          72,
          37,
          0
        ],
        [
          0,
          3,
          22,
          108,
          1
        ],
        [
          0,
          0,
          1,
          11,
          0
        ]
      ],
      [
        [
          1,
          3,
          1,
          0,
          0
        ],
        [
          0,
          29,
          38,
          2,
          0
        ],
        [
          0,
          18,
          110,
          23,
          0
        ],
        [
          0,
          3,
          31,
          68,
          0
        ],
        [
          0,
          0,
          0,
          1,
          0
        ]
      ]
    ],
    "emd": [
      0.2732157464658704,
      0.28728662538203387,
      0.28731556057511287
    ],
    "macroEMD": 0.282605977474339,
    "tail_recall0": [
      0.29545454545454547,
      0.05,
      0.1
    ],
    "tail_recall0_average": 0.1484848484848485
  },
  "extra": {
    "static_stats": {
      "static/train/lambda": {
        "mean": [
          1.0,
          1.0,
          1.0
        ],
        "min": [
          1.0,
          1.0,
          1.0
        ],
        "max": [
          1.0,
          1.0,
          1.0
        ]
      },
      "static/train/rho": {
        "mean": [
          0.0,
          0.0,
          0.0
        ],
        "min": [
          0.0,
          0.0,
          0.0
        ],
        "max": [
          0.0,
          0.0,
          0.0
        ]
      },
      "static/val/lambda": {
        "mean": [
          1.0,
          1.0,
          1.0
        ],
        "min": [
          1.0,
          1.0,
          1.0
        ],
        "max": [
          1.0,
          1.0,
          1.0
        ]
      },
      "static/val/rho": {
        "mean": [
          0.0,
          0.0,
          0.0
        ],
        "min": [
          0.0,
          0.0,
          0.0
        ],
        "max": [
          0.0,
          0.0,
          0.0
        ]
      },
      "static/all/lambda": {
        "mean": [
          1.0,
          1.0,
          1.0
        ],
        "min": [
          1.0,
          1.0,
          1.0
        ],
        "max": [
          1.0,
          1.0,
          1.0
        ]
      },
      "static/all/rho": {
        "mean": [
          0.0,
          0.0,
          0.0
        ],
        "min": [
          0.0,
          0.0,
          0.0
        ],
        "max": [
          0.0,
          0.0,
          0.0
        ]
      }
    }
  }
}