{
  "val": {
    "loss": 11.722120227339072,
    "qwk": [
      0.6281730561657926,
      0.5804024988651347,
      0.5268500850667845
    ],
    "qwk_average": 0.578475213365904,
    "cm": [
      [
        [
          4,
          3,
          3,
          0,
          0
        ],
        [
          1,
          17,
          31,
          6,
          0
        ],
        [
          0,
          6,
          81,
          37,
          1
        ],
        [
          0,
          0,
          30,
          78,
          8
        ],
        [
          0,
          0,
          2,
          14,
          7
        ]
      ],
      [
        [
          4,
          1,
          4,
          0,
          0
        ],
        [
          2,
          15,
          29,
          6,
          1
        ],
        [
          0,
          7,
          85,
          29,
          1
        ],
        [
          0,
          2,
          30,
          98,
          3
        ],
        [
          0,
          0,
          1,
          11,
          0
        ]
      ],
      [
        [
          1,
          1,
          2,
          0,
          0
        ],
        [
          0,
          22,
          43,
          4,
          0
        ],
        [
          0,
          11,
          109,
          32,
          0
        ],
        [
          0,
          0,
          37,
          65,
          0
        ],
        [
          0,
          0,
          1,
          1,
          0
        ]
      ]
    ],
    "emd": [
      0.3640636508608585,
      0.36661067760327704,
      0.3677586324929061
    ],
    "macroEMD": 0.36614432031901384,
    "tail_recall0": [
      0.3521739130434783,
      0.2222222222222222,
      0.125
    ],
    "tail_recall0_average": 0.23313204508856686
  },
  "extra": {
    "static_stats": {
      "static/train/lambda": {
        "mean": 1.0,
        "min": 1.0,
        "max": 1.0
      },
      "static/train/rho": {
        "mean": [
          0.0,
          0.0,
          0.0
        ],
        "min": [
          0.0,
          0.0,
          0.0
        ],
        "max": [
          0.0,
          0.0,
          0.0
        ]
      },
      "static/val/lambda": {
        "mean": 1.0,
        "min": 1.0,
        "max": 1.0
      },
      "static/val/rho": {
        "mean": [
          0.0,
          0.0,
          0.0
        ],
        "min": [
          0.0,
          0.0,
          0.0
        ],
        "max": [
          0.0,
          0.0,
          0.0
        ]
      },
      "static/all/lambda": {
        "mean": 1.0,
        "min": 1.0,
        "max": 1.0
      },
      "static/all/rho": {
        "mean": [
          0.0,
          0.0,
          0.0
        ],
        "min": [
          0.0,
          0.0,
          0.0
        ],
        "max": [
          0.0,
          0.0,
          0.0
        ]
      }
    }
  }
}