{
  "val": {
    "loss": 8.850143057343796,
    "qwk": [
      0.6020872557698782,
      0.5704297527622952,
      0.5417527459686842
    ],
    "qwk_average": 0.5714232515002858,
    "cm": [
      [
        [
          1,
          4,
          4,
          1,
          0
        ],
        [
          2,
          14,
          36,
          3,
          0
        ],
        [
          0,
          8,
          82,
          32,
          3
        ],
        [
          0,
          0,
          32,
          72,
          12
        ],
        [
          0,
          0,
          2,
          11,
          10
        ]
      ],
      [
        [
          0,
          6,
          3,
          0,
          0
        ],
        [
          1,
          16,
          29,
          7,
          0
        ],
        [
          1,
          13,
          71,
          34,
          3
        ],
        [
          0,
          0,
          25,
          103,
          5
        ],
        [
          0,
          0,
          2,
          9,
          1
        ]
      ],
      [
        [
          0,
          2,
          3,
          0,
          0
        ],
        [
          0,
          30,
          38,
          1,
          0
        ],
        [
          0,
          15,
          111,
          26,
          0
        ],
        [
          0,
          1,
          43,
          57,
          0
        ],
        [
          0,
          0,
          1,
          1,
          0
        ]
      ]
    ],
    "emd": [
      0.22678339133246395,
      0.248136896977252,
      0.2571010392436213
    ],
    "macroEMD": 0.24400710918444576,
    "tail_recall0": [
      0.2673913043478261,
      0.041666666666666664,
      0.0
    ],
    "tail_recall0_average": 0.10301932367149759
  },
  "extra": {
    "static_stats": {
      "static/train/lambda": {
        "mean": 1.0,
        "min": 1.0,
        "max": 1.0
      },
      "static/train/rho": {
        "mean": [
          0.0,
          0.0,
          0.0
        ],
        "min": [
          0.0,
          0.0,
          0.0
        ],
        "max": [
          0.0,
          0.0,
          0.0
        ]
      },
      "static/val/lambda": {
        "mean": 1.0,
        "min": 1.0,
        "max": 1.0
      },
      "static/val/rho": {
        "mean": [
          0.0,
          0.0,
          0.0
        ],
        "min": [
          0.0,
          0.0,
          0.0
        ],
        "max": [
          0.0,
          0.0,
          0.0
        ]
      },
      "static/all/lambda": {
        "mean": 1.0,
        "min": 1.0,
        "max": 1.0
      },
      "static/all/rho": {
        "mean": [
          0.0,
          0.0,
          0.0
        ],
        "min": [
          0.0,
          0.0,
          0.0
        ],
        "max": [
          0.0,
          0.0,
          0.0
        ]
      }
    }
  }
}