{
  "val": {
    "loss": 1.1209479007428529,
    "qwk": [
      0.6269787010255061,
      0.5517062784139956,
      0.6387665198237885
    ],
    "qwk_average": 0.6058171664210967,
    "cm": [
      [
        [
          3,
          6,
          1,
          0,
          0
        ],
        [
          2,
          14,
          32,
          6,
          0
        ],
        [
          1,
          9,
          71,
          44,
          0
        ],
        [
          0,
          0,
          22,
          92,
          2
        ],
        [
          0,
          0,
          1,
          20,
          2
        ]
      ],
      [
        [
          0,
          6,
          2,
          1,
          0
        ],
        [
          2,
          14,
          31,
          6,
          0
        ],
        [
          0,
          17,
          56,
          48,
          0
        ],
        [
          0,
          2,
          26,
          105,
          0
        ],
        [
          0,
          0,
          0,
          11,
          1
        ]
      ],
      [
        [
          2,
          3,
          0,
          0,
          0
        ],
        [
          0,
          39,
          28,
          2,
          0
        ],
        [
          0,
          23,
          112,
          16,
          0
        ],
        [
          0,
          2,
          39,
          60,
          0
        ],
        [
          0,
          0,
          0,
          2,
          0
        ]
      ]
    ],
    "emd": [
      0.2754234305237529,
      0.283198730776263,
      0.25674596889153845
    ],
    "macroEMD": 0.2717893767305181,
    "tail_recall0": [
      0.1934782608695652,
      0.041666666666666664,
      0.2
    ],
    "tail_recall0_average": 0.14504830917874398
  },
  "extra": {
    "static_stats": {
      "static/train/lambda": {
        "mean": [
          1.0,
          1.0,
          1.0
        ],
        "min": [
          1.0,
          1.0,
          1.0
        ],
        "max": [
          1.0,
          1.0,
          1.0
        ]
      },
      "static/train/rho": {
        "mean": [
          0.0,
          0.0,
          0.0
        ],
        "min": [
          0.0,
          0.0,
          0.0
        ],
        "max": [
          0.0,
          0.0,
          0.0
        ]
      },
      "static/val/lambda": {
        "mean": [
          1.0,
          1.0,
          1.0
        ],
        "min": [
          1.0,
          1.0,
          1.0
        ],
        "max": [
          1.0,
          1.0,
          1.0
        ]
      },
      "static/val/rho": {
        "mean": [
          0.0,
          0.0,
          0.0
        ],
        "min": [
          0.0,
          0.0,
          0.0
        ],
        "max": [
          0.0,
          0.0,
          0.0
        ]
      },
      "static/all/lambda": {
        "mean": [
          1.0,
          1.0,
          1.0
        ],
        "min": [
          1.0,
          1.0,
          1.0
        ],
        "max": [
          1.0,
          1.0,
          1.0
        ]
      },
      "static/all/rho": {
        "mean": [
          0.0,
          0.0,
          0.0
        ],
        "min": [
          0.0,
          0.0,
          0.0
        ],
        "max": [
          0.0,
          0.0,
          0.0
        ]
      }
    }
  }
}