{
  "val": {
    "loss": 1.365050988816393,
    "qwk": [
      0.5331685844466754,
      0.5392039631021524,
      0.4622754750035146
    ],
    "qwk_average": 0.5115493408507809,
    "cm": [
      [
        [
          1,
          5,
          2,
          0,
          0
        ],
        [
          1,
          5,
          30,
          4,
          0
        ],
        [
          0,
          3,
          90,
          35,
          0
        ],
        [
          0,
          0,
          57,
          61,
          4
        ],
        [
          0,
          0,
          3,
          15,
          9
        ]
      ],
      [
        [
          0,
          5,
          1,
          0,
          0
        ],
        [
          0,
          13,
          27,
          8,
          0
        ],
        [
          0,
          10,
          75,
          28,
          0
        ],
        [
          0,
          0,
          47,
          100,
          1
        ],
        [
          0,
          0,
          1,
          8,
          1
        ]
      ],
      [
        [
          0,
          1,
          0,
          0,
          0
        ],
        [
          1,
          18,
          50,
          2,
          0
        ],
        [
          0,
          9,
          120,
          22,
          0
        ],
        [
          0,
          0,
          51,
          48,
          0
        ],
        [
          0,
          1,
          0,
          2,
          0
        ]
      ]
    ],
    "emd": [
      0.20620360134882615,
      0.2042552878197566,
      0.2093849182031997
    ],
    "macroEMD": 0.20661460245726082,
    "tail_recall0": [
      0.22916666666666666,
      0.05,
      0.0
    ],
    "tail_recall0_average": 0.09305555555555556
  },
  "extra": {
    "static_stats": {
      "static/train/lambda": {
        "mean": [
          1.0,
          1.0,
          1.0
        ],
        "min": [
          1.0,
          1.0,
          1.0
        ],
        "max": [
          1.0,
          1.0,
          1.0
        ]
      },
      "static/train/rho": {
        "mean": [
          0.0,
          0.0,
          0.0
        ],
        "min": [
          0.0,
          0.0,
          0.0
        ],
        "max": [
          0.0,
          0.0,
          0.0
        ]
      },
      "static/val/lambda": {
        "mean": [
          1.0,
          1.0,
          1.0
        ],
        "min": [
          1.0,
          1.0,
          1.0
        ],
        "max": [
          1.0,
          1.0,
          1.0
        ]
      },
      "static/val/rho": {
        "mean": [
          0.0,
          0.0,
          0.0
        ],
        "min": [
          0.0,
          0.0,
          0.0
        ],
        "max": [
          0.0,
          0.0,
          0.0
        ]
      },
      "static/all/lambda": {
        "mean": [
          1.0,
          1.0,
          1.0
        ],
        "min": [
          1.0,
          1.0,
          1.0
        ],
        "max": [
          1.0,
          1.0,
          1.0
        ]
      },
      "static/all/rho": {
        "mean": [
          0.0,
          0.0,
          0.0
        ],
        "min": [
          0.0,
          0.0,
          0.0
        ],
        "max": [
          0.0,
          0.0,
          0.0
        ]
      }
    }
  }
}