{
  "val": {
    "loss": 1.0974389256472925,
    "qwk": [
      0.6074549073834885,
      0.5808193001313747,
      0.5430950330175136
    ],
    "qwk_average": 0.577123080177459,
    "cm": [
      [
        [
          0,
          9,
          4,
          0,
          0
        ],
        [
          0,
          13,
          37,
          2,
          0
        ],
        [
          0,
          8,
          73,
          33,
          0
        ],
        [
          0,
          0,
          34,
          104,
          1
        ],
        [
          0,
          0,
          1,
          8,
          0
        ]
      ],
      [
        [
          0,
          3,
          4,
          0,
          0
        ],
        [
          0,
          17,
          35,
          3,
          0
        ],
        [
          0,
          9,
          57,
          48,
          0
        ],
        [
          0,
          1,
          23,
          119,
          0
        ],
        [
          0,
          0,
          1,
          7,
          0
        ]
      ],
      [
        [
          0,
          1,
          5,
          0,
          0
        ],
        [
          0,
          16,
          49,
          0,
          0
        ],
        [
          0,
          10,
          111,
          22,
          0
        ],
        [
          0,
          1,
          37,
          72,
          0
        ],
        [
          0,
          0,
          0,
          3,
          0
        ]
      ]
    ],
    "emd": [
      0.30342228146732064,
      0.29454500358552876,
      0.29956374503661365
    ],
    "macroEMD": 0.299177010029821,
    "tail_recall0": [
      0.0,
      0.0,
      0.0
    ],
    "tail_recall0_average": 0.0
  },
  "extra": {
    "static_stats": {
      "static/train/lambda": {
        "mean": [
          1.0,
          1.0,
          1.0
        ],
        "min": [
          1.0,
          1.0,
          1.0
        ],
        "max": [
          1.0,
          1.0,
          1.0
        ]
      },
      "static/train/rho": {
        "mean": [
          0.0,
          0.0,
          0.0
        ],
        "min": [
          0.0,
          0.0,
          0.0
        ],
        "max": [
          0.0,
          0.0,
          0.0
        ]
      },
      "static/val/lambda": {
        "mean": [
          1.0,
          1.0,
          1.0
        ],
        "min": [
          1.0,
          1.0,
          1.0
        ],
        "max": [
          1.0,
          1.0,
          1.0
        ]
      },
      "static/val/rho": {
        "mean": [
          0.0,
          0.0,
          0.0
        ],
        "min": [
          0.0,
          0.0,
          0.0
        ],
        "max": [
          0.0,
          0.0,
          0.0
        ]
      },
      "static/all/lambda": {
        "mean": [
          1.0,
          1.0,
          1.0
        ],
        "min": [
          1.0,
          1.0,
          1.0
        ],
        "max": [
          1.0,
          1.0,
          1.0
        ]
      },
      "static/all/rho": {
        "mean": [
          0.0,
          0.0,
          0.0
        ],
        "min": [
          0.0,
          0.0,
          0.0
        ],
        "max": [
          0.0,
          0.0,
          0.0
        ]
      }
    }
  }
}