{
  "val": {
    "loss": 1.4403033987861182,
    "qwk": [
      0.5317976965448172,
      0.47999128781215183,
      0.5164747131100638
    ],
    "qwk_average": 0.5094212324890109,
    "cm": [
      [
        [
          1,
          3,
          4,
          0,
          0
        ],
        [
          1,
          5,
          29,
          5,
          0
        ],
        [
          0,
          4,
          87,
          35,
          2
        ],
        [
          0,
          0,
          42,
          77,
          3
        ],
        [
          0,
          0,
          2,
          18,
          7
        ]
      ],
      [
        [
          0,
          4,
          2,
          0,
          0
        ],
        [
          1,
          7,
          30,
          10,
          0
        ],
        [
          1,
          7,
          64,
          41,
          0
        ],
        [
          0,
          2,
          39,
          106,
          1
        ],
        [
          0,
          0,
          0,
          8,
          2
        ]
      ],
      [
        [
          0,
          1,
          0,
          0,
          0
        ],
        [
          0,
          23,
          46,
          2,
          0
        ],
        [
          0,
          11,
          116,
          24,
          0
        ],
        [
          0,
          1,
          43,
          55,
          0
        ],
        [
          0,
          0,
          1,
          2,
          0
        ]
      ]
    ],
    "emd": [
      0.3079888526235079,
      0.2872845046822704,
      0.2843159394473809
    ],
    "macroEMD": 0.2931964322510531,
    "tail_recall0": [
      0.19212962962962962,
      0.1,
      0.0
    ],
    "tail_recall0_average": 0.09737654320987654
  },
  "extra": {
    "static_stats": {
      "static/train/lambda": {
        "mean": [
          1.0,
          1.0,
          1.0
        ],
        "min": [
          1.0,
          1.0,
          1.0
        ],
        "max": [
          1.0,
          1.0,
          1.0
        ]
      },
      "static/train/rho": {
        "mean": [
          0.0,
          0.0,
          0.0
        ],
        "min": [
          0.0,
          0.0,
          0.0
        ],
        "max": [
          0.0,
          0.0,
          0.0
        ]
      },
      "static/val/lambda": {
        "mean": [
          1.0,
          1.0,
          1.0
        ],
        "min": [
          1.0,
          1.0,
          1.0
        ],
        "max": [
          1.0,
          1.0,
          1.0
        ]
      },
      "static/val/rho": {
        "mean": [
          0.0,
          0.0,
          0.0
        ],
        "min": [
          0.0,
          0.0,
          0.0
        ],
        "max": [
          0.0,
          0.0,
          0.0
        ]
      },
      "static/all/lambda": {
        "mean": [
          1.0,
          1.0,
          1.0
        ],
        "min": [
          1.0,
          1.0,
          1.0
        ],
        "max": [
          1.0,
          1.0,
          1.0
        ]
      },
      "static/all/rho": {
        "mean": [
          0.0,
          0.0,
          0.0
        ],
        "min": [
          0.0,
          0.0,
          0.0
        ],
        "max": [
          0.0,
          0.0,
          0.0
        ]
      }
    }
  }
}