{
  "val": {
    "loss": 8.263183362894868,
    "qwk": [
      0.19763296734635682,
      0.24354664477379762,
      0.32030548068283915
    ],
    "qwk_average": 0.25382836426766453,
    "cm": [
      [
        [
          0,
          2,
          2,
          0,
          0
        ],
        [
          0,
          4,
          10,
          1,
          0
        ],
        [
          0,
          6,
          49,
          23,
          0
        ],
        [
          0,
          2,
          83,
          76,
          1
        ],
        [
          0,
          3,
          33,
          27,
          1
        ]
      ],
      [
        [
          0,
          2,
          4,
          0,
          0
        ],
        [
          0,
          6,
          8,
          2,
          0
        ],
        [
          0,
          7,
          39,
          20,
          0
        ],
        [
          0,
          4,
          120,
          81,
          0
        ],
        [
          0,
          1,
          12,
          17,
          0
        ]
      ],
      [
        [
          0,
          0,
          1,
          0,
          0
        ],
        [
          0,
          10,
          19,
          0,
          0
        ],
        [
          0,
          9,
          97,
          5,
          0
        ],
        [
          0,
          2,
          132,
          47,
          0
        ],
        [
          0,
          0,
          0,
          1,
          0
        ]
      ]
    ],
    "emd": [
      0.2520252134685269,
      0.2853261901949958,
      0.2715152108900763
    ],
    "macroEMD": 0.26962220485119964,
    "tail_recall0": [
      0.0078125,
      0.0,
      0.0
    ],
    "tail_recall0_average": 0.0026041666666666665
  },
  "extra": {
    "static_stats": {
      "static/train/lambda": {
        "mean": 1.0,
        "min": 1.0,
        "max": 1.0
      },
      "static/val/lambda": {
        "mean": 1.0,
        "min": 1.0,
        "max": 1.0
      },
      "static/all/lambda": {
        "mean": 1.0,
        "min": 1.0,
        "max": 1.0
      }
    }
  }
}