{
  "val": {
    "loss": 3.4250744812725777,
    "qwk": [
      0.31604560979994356,
      0.3397806776750144,
      0.31141450904222223
    ],
    "qwk_average": 0.32241359883906007,
    "cm": [
      [
        [
          0,
          1,
          12,
          2,
          0
        ],
        [
          0,
          8,
          55,
          19,
          0
        ],
        [
          0,
          1,
          69,
          84,
          1
        ],
        [
          0,
          0,
          11,
          61,
          1
        ],
        [
          0,
          0,
          3,
          7,
          0
        ]
      ],
      [
        [
          0,
          1,
          6,
          2,
          0
        ],
        [
          0,
          11,
          43,
          22,
          0
        ],
        [
          0,
          2,
          75,
          87,
          0
        ],
        [
          0,
          0,
          7,
          72,
          1
        ],
        [
          0,
          0,
          1,
          5,
          0
        ]
      ],
      [
        [
          0,
          1,
          3,
          0,
          0
        ],
        [
          0,
          6,
          71,
          15,
          0
        ],
        [
          0,
          5,
          118,
          43,
          0
        ],
        [
          0,
          0,
          25,
          47,
          0
        ],
        [
          0,
          0,
          0,
          1,
          0
        ]
      ]
    ],
    "emd": [
      0.2614615556129749,
      0.2554904488691277,
      0.22861475101823764
    ],
    "macroEMD": 0.24852225183344676,
    "tail_recall0": [
      0.0,
      0.0,
      0.0
    ],
    "tail_recall0_average": 0.0
  },
  "extra": {
    "static_stats": {}
  }
}