{
  "val": {
    "loss": 1.5530887902866768,
    "qwk": [
      0.4133247129863853,
      0.3579896600903256,
      0.27993511102098756
    ],
    "qwk_average": 0.3504164946992328,
    "cm": [
      [
        [
          0,
          4,
          10,
          1,
          0
        ],
        [
          0,
          17,
          47,
          17,
          1
        ],
        [
          0,
          2,
          80,
          73,
          0
        ],
        [
          0,
          0,
          12,
          56,
          5
        ],
        [
          0,
          0,
          0,
          10,
          0
        ]
      ],
      [
        [
          0,
          0,
          7,
          2,
          0
        ],
        [
          0,
          9,
          49,
          18,
          0
        ],
        [
          0,
          2,
          94,
          68,
          0
        ],
        [
          0,
          0,
          9,
          68,
          3
        ],
        [
          0,
          0,
          1,
          5,
          0
        ]
      ],
      [
        [
          0,
          1,
          3,
          0,
          0
        ],
        [
          0,
          3,
          76,
          13,
          0
        ],
        [
          0,
          5,
          127,
          34,
          0
        ],
        [
          0,
          0,
          31,
          41,
          0
        ],
        [
          0,
          0,
          0,
          1,
          0
        ]
      ]
    ],
    "emd": [
      0.24637441507433108,
      0.2591551633861296,
      0.21689210087797778
    ],
    "macroEMD": 0.24080722644614616,
    "tail_recall0": [
      0.0,
      0.0,
      0.0
    ],
    "tail_recall0_average": 0.0
  },
  "extra": {
    "static_stats": {
      "static/train/lambda": {
        "mean": [
          1.0,
          1.0,
          1.0
        ],
        "min": [
          1.0,
          1.0,
          1.0
        ],
        "max": [
          1.0,
          1.0,
          1.0
        ]
      },
      "static/val/lambda": {
        "mean": [
          1.0,
          1.0,
          1.0
        ],
        "min": [
          1.0,
          1.0,
          1.0
        ],
        "max": [
          1.0,
          1.0,
          1.0
        ]
      },
      "static/all/lambda": {
        "mean": [
          1.0,
          1.0,
          1.0
        ],
        "min": [
          1.0,
          1.0,
          1.0
        ],
        "max": [
          1.0,
          1.0,
          1.0
        ]
      }
    }
  }
}