{
  "val": {
    "loss": 5.291238612708787,
    "qwk": [
      0.6623097582811102,
      0.5775432342866691,
      0.5835764451647758
    ],
    "qwk_average": 0.6078098125775183,
    "cm": [
      [
        [
          0,
          8,
          1,
          0,
          0
        ],
        [
          2,
          21,
          28,
          4,
          0
        ],
        [
          0,
          14,
          87,
          22,
          3
        ],
        [
          0,
          1,
          27,
          82,
          6
        ],
        [
          0,
          0,
          1,
          14,
          7
        ]
      ],
      [
        [
          0,
          7,
          2,
          1,
          0
        ],
        [
          1,
          18,
          28,
          6,
          0
        ],
        [
          0,
          16,
          71,
          31,
          1
        ],
        [
          0,
          4,
          25,
          102,
          3
        ],
        [
          0,
          0,
          1,
          9,
          2
        ]
      ],
      [
        [
          1,
          3,
          1,
          0,
          0
        ],
        [
          0,
          28,
          39,
          2,
          0
        ],
        [
          0,
          18,
          107,
          26,
          0
        ],
        [
          0,
          2,
          34,
          66,
          0
        ],
        [
          0,
          0,
          0,
          1,
          0
        ]
      ]
    ],
    "emd": [
      0.20447867925734312,
      0.24188759880746166,
      0.23046883797573292
    ],
    "macroEMD": 0.2256117053468459,
    "tail_recall0": [
      0.1590909090909091,
      0.08333333333333333,
      0.1
    ],
    "tail_recall0_average": 0.11414141414141414
  },
  "extra": {
    "static_stats": {
      "static/train/lambda": {
        "mean": 1.0,
        "min": 1.0,
        "max": 1.0
      },
      "static/val/lambda": {
        "mean": 1.0,
        "min": 1.0,
        "max": 1.0
      },
      "static/all/lambda": {
        "mean": 1.0,
        "min": 1.0,
        "max": 1.0
      }
    }
  }
}