{
  "val": {
    "loss": 1.0498043430345532,
    "qwk": [
      0.6280616873299063,
      0.5464965880201597,
      0.6294285280677201
    ],
    "qwk_average": 0.6013289344725954,
    "cm": [
      [
        [
          0,
          4,
          5,
          0,
          0
        ],
        [
          0,
          16,
          35,
          3,
          0
        ],
        [
          0,
          5,
          86,
          33,
          2
        ],
        [
          0,
          0,
          27,
          83,
          6
        ],
        [
          0,
          0,
          0,
          15,
          8
        ]
      ],
      [
        [
          0,
          5,
          1,
          3,
          0
        ],
        [
          0,
          14,
          32,
          6,
          0
        ],
        [
          0,
          10,
          75,
          35,
          2
        ],
        [
          0,
          1,
          24,
          105,
          3
        ],
        [
          0,
          0,
          0,
          10,
          2
        ]
      ],
      [
        [
          1,
          3,
          1,
          0,
          0
        ],
        [
          0,
          28,
          39,
          1,
          0
        ],
        [
          0,
          25,
          99,
          28,
          0
        ],
        [
          0,
          0,
          24,
          75,
          2
        ],
        [
          0,
          0,
          1,
          1,
          0
        ]
      ]
    ],
    "emd": [
      0.19415981516127714,
      0.2088231784918876,
      0.19087107064550715
    ],
    "macroEMD": 0.19795135476622397,
    "tail_recall0": [
      0.17391304347826086,
      0.08333333333333333,
      0.1
    ],
    "tail_recall0_average": 0.11908212560386473
  },
  "extra": {
    "static_stats": {
      "static/train/lambda": {
        "mean": [
          1.0,
          1.0,
          1.0
        ],
        "min": [
          1.0,
          1.0,
          1.0
        ],
        "max": [
          1.0,
          1.0,
          1.0
        ]
      },
      "static/val/lambda": {
        "mean": [
          1.0,
          1.0,
          1.0
        ],
        "min": [
          1.0,
          1.0,
          1.0
        ],
        "max": [
          1.0,
          1.0,
          1.0
        ]
      },
      "static/all/lambda": {
        "mean": [
          1.0,
          1.0,
          1.0
        ],
        "min": [
          1.0,
          1.0,
          1.0
        ],
        "max": [
          1.0,
          1.0,
          1.0
        ]
      }
    }
  }
}