{
  "val": {
    "loss": 1.2545858277163078,
    "qwk": [
      0.6099750087335072,
      0.5187455104005869,
      0.6145571565454775
    ],
    "qwk_average": 0.5810925585598572,
    "cm": [
      [
        [
          1,
          2,
          5,
          1,
          0
        ],
        [
          0,
          13,
          38,
          3,
          0
        ],
        [
          0,
          7,
          92,
          24,
          3
        ],
        [
          0,
          0,
          30,
          78,
          8
        ],
        [
          0,
          0,
          1,
          11,
          11
        ]
      ],
      [
        [
          0,
          5,
          2,
          2,
          0
        ],
        [
          0,
          10,
          35,
          7,
          0
        ],
        [
          0,
          8,
          73,
          40,
          1
        ],
        [
          0,
          2,
          24,
          104,
          3
        ],
        [
          0,
          0,
          0,
          11,
          1
        ]
      ],
      [
        [
          0,
          3,
          2,
          0,
          0
        ],
        [
          1,
          24,
          40,
          3,
          0
        ],
        [
          0,
          18,
          114,
          20,
          0
        ],
        [
          0,
          0,
          26,
          75,
          0
        ],
        [
          0,
          0,
          0,
          2,
          0
        ]
      ]
    ],
    "emd": [
      0.19883305654666397,
      0.21507545847481105,
      0.20385399652970024
    ],
    "macroEMD": 0.2059208371837251,
    "tail_recall0": [
      0.2946859903381642,
      0.041666666666666664,
      0.0
    ],
    "tail_recall0_average": 0.11211755233494364
  },
  "extra": {
    "static_stats": {
      "static/train/lambda": {
        "mean": [
          1.0,
          1.0,
          1.0
        ],
        "min": [
          1.0,
          1.0,
          1.0
        ],
        "max": [
          1.0,
          1.0,
          1.0
        ]
      },
      "static/train/rho": {
        "mean": [
          0.0,
          0.0,
          0.0
        ],
        "min": [
          0.0,
          0.0,
          0.0
        ],
        "max": [
          0.0,
          0.0,
          0.0
        ]
      },
      "static/val/lambda": {
        "mean": [
          1.0,
          1.0,
          1.0
        ],
        "min": [
          1.0,
          1.0,
          1.0
        ],
        "max": [
          1.0,
          1.0,
          1.0
        ]
      },
      "static/val/rho": {
        "mean": [
          0.0,
          0.0,
          0.0
        ],
        "min": [
          0.0,
          0.0,
          0.0
        ],
        "max": [
          0.0,
          0.0,
          0.0
        ]
      },
      "static/all/lambda": {
        "mean": [
          1.0,
          1.0,
          1.0
        ],
        "min": [
          1.0,
          1.0,
          1.0
        ],
        "max": [
          1.0,
          1.0,
          1.0
        ]
      },
      "static/all/rho": {
        "mean": [
          0.0,
          0.0,
          0.0
        ],
        "min": [
          0.0,
          0.0,
          0.0
        ],
        "max": [
          0.0,
          0.0,
          0.0
        ]
      }
    }
  }
}