{
  "val": {
    "loss": 1.0807044720229204,
    "qwk": [
      0.5670362099218376,
      0.5830910744368412,
      0.6297493792536754
    ],
    "qwk_average": 0.5932922212041181,
    "cm": [
      [
        [
          0,
          4,
          5,
          1,
          0
        ],
        [
          0,
          14,
          37,
          4,
          0
        ],
        [
          0,
          10,
          74,
          40,
          1
        ],
        [
          0,
          0,
          26,
          80,
          10
        ],
        [
          0,
          0,
          1,
          18,
          4
        ]
      ],
      [
        [
          0,
          5,
          4,
          0,
          0
        ],
        [
          0,
          16,
          29,
          8,
          0
        ],
        [
          0,
          11,
          73,
          36,
          2
        ],
        [
          0,
          1,
          17,
          115,
          0
        ],
        [
          0,
          0,
          0,
          12,
          0
        ]
      ],
      [
        [
          0,
          3,
          2,
          0,
          0
        ],
        [
          0,
          37,
          32,
          0,
          0
        ],
        [
          0,
          15,
          111,
          26,
          0
        ],
        [
          0,
          1,
          36,
          64,
          0
        ],
        [
          0,
          0,
          0,
          2,
          0
        ]
      ]
    ],
    "emd": [
      0.20803326565031188,
      0.20232493700771387,
      0.197220800367862
    ],
    "macroEMD": 0.20252633434196257,
    "tail_recall0": [
      0.08695652173913043,
      0.0,
      0.0
    ],
    "tail_recall0_average": 0.028985507246376812
  },
  "extra": {
    "static_stats": {
      "static/train/lambda": {
        "mean": [
          1.0,
          1.0,
          1.0
        ],
        "min": [
          1.0,
          1.0,
          1.0
        ],
        "max": [
          1.0,
          1.0,
          1.0
        ]
      },
      "static/val/lambda": {
        "mean": [
          1.0,
          1.0,
          1.0
        ],
        "min": [
          1.0,
          1.0,
          1.0
        ],
        "max": [
          1.0,
          1.0,
          1.0
        ]
      },
      "static/all/lambda": {
        "mean": [
          1.0,
          1.0,
          1.0
        ],
        "min": [
          1.0,
          1.0,
          1.0
        ],
        "max": [
          1.0,
          1.0,
          1.0
        ]
      }
    }
  }
}