{
  "val": {
    "loss": 1.35104067009832,
    "qwk": [
      0.540673623116819,
      0.5436075557881714,
      0.5408646814485462
    ],
    "qwk_average": 0.5417152867845122,
    "cm": [
      [
        [
          3,
          3,
          7,
          0,
          0
        ],
        [
          3,
          5,
          41,
          2,
          1
        ],
        [
          0,
          4,
          88,
          22,
          0
        ],
        [
          0,
          0,
          44,
          95,
          0
        ],
        [
          0,
          1,
          1,
          7,
          0
        ]
      ],
      [
        [
          0,
          3,
          4,
          0,
          0
        ],
        [
          1,
          15,
          34,
          5,
          0
        ],
        [
          0,
          8,
          57,
          49,
          0
        ],
        [
          0,
          2,
          26,
          115,
          0
        ],
        [
          0,
          0,
          1,
          7,
          0
        ]
      ],
      [
        [
          0,
          0,
          6,
          0,
          0
        ],
        [
          0,
          15,
          50,
          0,
          0
        ],
        [
          0,
          7,
          113,
          23,
          0
        ],
        [
          0,
          0,
          37,
          73,
          0
        ],
        [
          0,
          0,
          0,
          3,
          0
        ]
      ]
    ],
    "emd": [
      0.2177959781478637,
      0.22757366377637797,
      0.22362182015013712
    ],
    "macroEMD": 0.22299715402479292,
    "tail_recall0": [
      0.11538461538461539,
      0.0,
      0.0
    ],
    "tail_recall0_average": 0.038461538461538464
  },
  "extra": {
    "static_stats": {
      "static/train/lambda": {
        "mean": [
          1.0,
          1.0,
          1.0
        ],
        "min": [
          1.0,
          1.0,
          1.0
        ],
        "max": [
          1.0,
          1.0,
          1.0
        ]
      },
      "static/train/rho": {
        "mean": [
          0.0,
          0.0,
          0.0
        ],
        "min": [
          0.0,
          0.0,
          0.0
        ],
        "max": [
          0.0,
          0.0,
          0.0
        ]
      },
      "static/val/lambda": {
        "mean": [
          1.0,
          1.0,
          1.0
        ],
        "min": [
          1.0,
          1.0,
          1.0
        ],
        "max": [
          1.0,
          1.0,
          1.0
        ]
      },
      "static/val/rho": {
        "mean": [
          0.0,
          0.0,
          0.0
        ],
        "min": [
          0.0,
          0.0,
          0.0
        ],
        "max": [
          0.0,
          0.0,
          0.0
        ]
      },
      "static/all/lambda": {
        "mean": [
          1.0,
          1.0,
          1.0
        ],
        "min": [
          1.0,
          1.0,
          1.0
        ],
        "max": [
          1.0,
          1.0,
          1.0
        ]
      },
      "static/all/rho": {
        "mean": [
          0.0,
          0.0,
          0.0
        ],
        "min": [
          0.0,
          0.0,
          0.0
        ],
        "max": [
          0.0,
          0.0,
          0.0
        ]
      }
    }
  }
}