{
  "val": {
    "loss": 9.035502943039459,
    "qwk": [
      0.49986459367687186,
      0.4615551694178974,
      0.39014143677356106
    ],
    "qwk_average": 0.4505203999561101,
    "cm": [
      [
        [
          1,
          0,
          8,
          1,
          0
        ],
        [
          2,
          4,
          31,
          4,
          0
        ],
        [
          0,
          4,
          67,
          48,
          3
        ],
        [
          0,
          0,
          30,
          101,
          10
        ],
        [
          0,
          0,
          2,
          13,
          6
        ]
      ],
      [
        [
          0,
          5,
          6,
          2,
          0
        ],
        [
          0,
          7,
          24,
          8,
          0
        ],
        [
          0,
          7,
          54,
          42,
          1
        ],
        [
          0,
          3,
          30,
          127,
          3
        ],
        [
          0,
          0,
          2,
          13,
          1
        ]
      ],
      [
        [
          0,
          1,
          11,
          0,
          0
        ],
        [
          0,
          5,
          45,
          2,
          0
        ],
        [
          0,
          7,
          117,
          34,
          0
        ],
        [
          0,
          2,
          42,
          66,
          0
        ],
        [
          0,
          0,
          1,
          2,
          0
        ]
      ]
    ],
    "emd": [
      0.25893663288110813,
      0.27390403983927325,
      0.2704454756105205
    ],
    "macroEMD": 0.26776204944363396,
    "tail_recall0": [
      0.19285714285714284,
      0.03125,
      0.0
    ],
    "tail_recall0_average": 0.07470238095238095
  },
  "extra": {
    "static_stats": {
      "static/train/lambda": {
        "mean": 1.0,
        "min": 1.0,
        "max": 1.0
      },
      "static/train/rho": {
        "mean": [
          0.0,
          0.0,
          0.0
        ],
        "min": [
          0.0,
          0.0,
          0.0
        ],
        "max": [
          0.0,
          0.0,
          0.0
        ]
      },
      "static/val/lambda": {
        "mean": 1.0,
        "min": 1.0,
        "max": 1.0
      },
      "static/val/rho": {
        "mean": [
          0.0,
          0.0,
          0.0
        ],
        "min": [
          0.0,
          0.0,
          0.0
        ],
        "max": [
          0.0,
          0.0,
          0.0
        ]
      },
      "static/all/lambda": {
        "mean": 1.0,
        "min": 1.0,
        "max": 1.0
      },
      "static/all/rho": {
        "mean": [
          0.0,
          0.0,
          0.0
        ],
        "min": [
          0.0,
          0.0,
          0.0
        ],
        "max": [
          0.0,
          0.0,
          0.0
        ]
      }
    }
  }
}