{
  "val": {
    "loss": 2.309724620295162,
    "qwk": [
      0.5612864120939851,
      0.6030318320426475,
      0.5753758339241242
    ],
    "qwk_average": 0.5798980260202523,
    "cm": [
      [
        [
          0,
          5,
          5,
          0,
          0
        ],
        [
          0,
          13,
          39,
          3,
          0
        ],
        [
          0,
          8,
          78,
          39,
          0
        ],
        [
          0,
          0,
          27,
          84,
          5
        ],
        [
          0,
          0,
          3,
          20,
          0
        ]
      ],
      [
        [
          0,
          5,
          4,
          0,
          0
        ],
        [
          0,
          19,
          28,
          6,
          0
        ],
        [
          0,
          16,
          72,
          33,
          1
        ],
        [
          0,
          1,
          19,
          112,
          1
        ],
        [
          0,
          0,
          1,
          11,
          0
        ]
      ],
      [
        [
          0,
          3,
          2,
          0,
          0
        ],
        [
          0,
          27,
          42,
          0,
          0
        ],
        [
          0,
          18,
          103,
          31,
          0
        ],
        [
          0,
          0,
          38,
          63,
          0
        ],
        [
          0,
          0,
          0,
          2,
          0
        ]
      ]
    ],
    "emd": [
      0.20426306540664055,
      0.19704792703084614,
      0.188990795126589
    ],
    "macroEMD": 0.19676726252135857,
    "tail_recall0": [
      0.0,
      0.0,
      0.0
    ],
    "tail_recall0_average": 0.0
  },
  "extra": {
    "static_stats": {}
  }
}