{
  "val": {
    "loss": 11.600838136804486,
    "qwk": [
      0.6112968502551469,
      0.5602955995969096,
      0.6053330591400614
    ],
    "qwk_average": 0.5923085029973726,
    "cm": [
      [
        [
          2,
          4,
          3,
          1,
          0
        ],
        [
          2,
          14,
          34,
          5,
          0
        ],
        [
          2,
          8,
          79,
          35,
          1
        ],
        [
          0,
          0,
          24,
          84,
          8
        ],
        [
          0,
          0,
          1,
          16,
          6
        ]
      ],
      [
        [
          0,
          3,
          6,
          0,
          0
        ],
        [
          2,
          17,
          24,
          10,
          0
        ],
        [
          3,
          7,
          71,
          41,
          0
        ],
        [
          0,
          0,
          20,
          111,
          2
        ],
        [
          0,
          0,
          0,
          12,
          0
        ]
      ],
      [
        [
          0,
          3,
          2,
          0,
          0
        ],
        [
          0,
          35,
          33,
          1,
          0
        ],
        [
          0,
          20,
          99,
          33,
          0
        ],
        [
          0,
          1,
          30,
          70,
          0
        ],
        [
          0,
          0,
          1,
          1,
          0
        ]
      ]
    ],
    "emd": [
      0.36846365101302003,
      0.3704459594585997,
      0.36774048325052233
    ],
    "macroEMD": 0.3688833645740474,
    "tail_recall0": [
      0.23043478260869565,
      0.0,
      0.0
    ],
    "tail_recall0_average": 0.07681159420289856
  },
  "extra": {
    "static_stats": {
      "static/train/lambda": {
        "mean": 1.0,
        "min": 1.0,
        "max": 1.0
      },
      "static/train/rho": {
        "mean": [
          0.0,
          0.0,
          0.0
        ],
        "min": [
          0.0,
          0.0,
          0.0
        ],
        "max": [
          0.0,
          0.0,
          0.0
        ]
      },
      "static/val/lambda": {
        "mean": 1.0,
        "min": 1.0,
        "max": 1.0
      },
      "static/val/rho": {
        "mean": [
          0.0,
          0.0,
          0.0
        ],
        "min": [
          0.0,
          0.0,
          0.0
        ],
        "max": [
          0.0,
          0.0,
          0.0
        ]
      },
      "static/all/lambda": {
        "mean": 1.0,
        "min": 1.0,
        "max": 1.0
      },
      "static/all/rho": {
        "mean": [
          0.0,
          0.0,
          0.0
        ],
        "min": [
          0.0,
          0.0,
          0.0
        ],
        "max": [
          0.0,
          0.0,
          0.0
        ]
      }
    }
  }
}