{
  "val": {
    "loss": 2.1909122172357303,
    "qwk": [
      0.6413782642768663,
      0.6144440143924081,
      0.5695294206511066
    ],
    "qwk_average": 0.6084505664401271,
    "cm": [
      [
        [
          0,
          6,
          3,
          0,
          0
        ],
        [
          1,
          22,
          28,
          4,
          0
        ],
        [
          0,
          16,
          78,
          29,
          3
        ],
        [
          0,
          1,
          25,
          83,
          7
        ],
        [
          0,
          0,
          1,
          13,
          8
        ]
      ],
      [
        [
          0,
          7,
          1,
          2,
          0
        ],
        [
          2,
          17,
          31,
          3,
          0
        ],
        [
          0,
          13,
          74,
          32,
          0
        ],
        [
          0,
          2,
          22,
          109,
          1
        ],
        [
          0,
          0,
          1,
          10,
          1
        ]
      ],
      [
        [
          0,
          4,
          1,
          0,
          0
        ],
        [
          0,
          23,
          45,
          1,
          0
        ],
        [
          0,
          18,
          113,
          20,
          0
        ],
        [
          0,
          2,
          35,
          65,
          0
        ],
        [
          0,
          0,
          0,
          1,
          0
        ]
      ]
    ],
    "emd": [
      0.17407436322405645,
      0.1914739227165139,
      0.17495438281881562
    ],
    "macroEMD": 0.18016755625312864,
    "tail_recall0": [
      0.18181818181818182,
      0.041666666666666664,
      0.0
    ],
    "tail_recall0_average": 0.07449494949494949
  },
  "extra": {
    "static_stats": {}
  }
}