{
  "val": {
    "loss": 7.018900927757633,
    "qwk": [
      0.6365161135737392,
      0.6356704695293242,
      0.6218496407249847
    ],
    "qwk_average": 0.6313454079426827,
    "cm": [
      [
        [
          2,
          3,
          4,
          0,
          0
        ],
        [
          1,
          26,
          24,
          2,
          2
        ],
        [
          1,
          13,
          84,
          22,
          5
        ],
        [
          0,
          0,
          23,
          84,
          9
        ],
        [
          0,
          0,
          3,
          12,
          8
        ]
      ],
      [
        [
          1,
          2,
          6,
          0,
          0
        ],
        [
          0,
          23,
          26,
          3,
          0
        ],
        [
          1,
          14,
          79,
          26,
          1
        ],
        [
          0,
          1,
          26,
          104,
          3
        ],
        [
          0,
          0,
          0,
          10,
          2
        ]
      ],
      [
        [
          1,
          2,
          2,
          0,
          0
        ],
        [
          2,
          28,
          38,
          1,
          0
        ],
        [
          0,
          17,
          113,
          21,
          0
        ],
        [
          0,
          0,
          35,
          66,
          0
        ],
        [
          0,
          0,
          0,
          2,
          0
        ]
      ]
    ],
    "emd": [
      0.21975590765810135,
      0.23783735289497865,
      0.220481636590796
    ],
    "macroEMD": 0.22602496571462535,
    "tail_recall0": [
      0.28502415458937197,
      0.1388888888888889,
      0.1
    ],
    "tail_recall0_average": 0.17463768115942027
  },
  "extra": {
    "static_stats": {
      "static/train/lambda": {
        "mean": 1.0,
        "min": 1.0,
        "max": 1.0
      },
      "static/train/rho": {
        "mean": [
          0.0,
          0.0,
          0.0
        ],
        "min": [
          0.0,
          0.0,
          0.0
        ],
        "max": [
          0.0,
          0.0,
          0.0
        ]
      },
      "static/val/lambda": {
        "mean": 1.0,
        "min": 1.0,
        "max": 1.0
      },
      "static/val/rho": {
        "mean": [
          0.0,
          0.0,
          0.0
        ],
        "min": [
          0.0,
          0.0,
          0.0
        ],
        "max": [
          0.0,
          0.0,
          0.0
        ]
      },
      "static/all/lambda": {
        "mean": 1.0,
        "min": 1.0,
        "max": 1.0
      },
      "static/all/rho": {
        "mean": [
          0.0,
          0.0,
          0.0
        ],
        "min": [
          0.0,
          0.0,
          0.0
        ],
        "max": [
          0.0,
          0.0,
          0.0
        ]
      }
    }
  }
}