{
  "val": {
    "loss": 1.0540032910385932,
    "qwk": [
      0.6422791967245076,
      0.6837244676227727,
      0.6338412243924054
    ],
    "qwk_average": 0.6532816295798952,
    "cm": [
      [
        [
          2,
          3,
          3,
          1,
          0
        ],
        [
          3,
          20,
          30,
          2,
          0
        ],
        [
          3,
          11,
          85,
          24,
          2
        ],
        [
          0,
          0,
          24,
          84,
          8
        ],
        [
          0,
          0,
          4,
          11,
          8
        ]
      ],
      [
        [
          1,
          4,
          4,
          0,
          0
        ],
        [
          3,
          24,
          22,
          3,
          0
        ],
        [
          1,
          18,
          71,
          31,
          0
        ],
        [
          0,
          0,
          16,
          116,
          2
        ],
        [
          0,
          0,
          1,
          10,
          1
        ]
      ],
      [
        [
          1,
          3,
          1,
          0,
          0
        ],
        [
          3,
          27,
          38,
          1,
          0
        ],
        [
          0,
          22,
          109,
          20,
          0
        ],
        [
          0,
          2,
          27,
          72,
          0
        ],
        [
          0,
          0,
          0,
          2,
          0
        ]
      ]
    ],
    "emd": [
      0.2878412428013995,
      0.27477070958747396,
      0.2660380466791382
    ],
    "macroEMD": 0.2762166663560039,
    "tail_recall0": [
      0.28502415458937197,
      0.09722222222222221,
      0.1
    ],
    "tail_recall0_average": 0.1607487922705314
  },
  "extra": {
    "static_stats": {
      "static/train/lambda": {
        "mean": [
          1.0,
          1.0,
          1.0
        ],
        "min": [
          1.0,
          1.0,
          1.0
        ],
        "max": [
          1.0,
          1.0,
          1.0
        ]
      },
      "static/train/rho": {
        "mean": [
          0.0,
          0.0,
          0.0
        ],
        "min": [
          0.0,
          0.0,
          0.0
        ],
        "max": [
          0.0,
          0.0,
          0.0
        ]
      },
      "static/val/lambda": {
        "mean": [
          1.0,
          1.0,
          1.0
        ],
        "min": [
          1.0,
          1.0,
          1.0
        ],
        "max": [
          1.0,
          1.0,
          1.0
        ]
      },
      "static/val/rho": {
        "mean": [
          0.0,
          0.0,
          0.0
        ],
        "min": [
          0.0,
          0.0,
          0.0
        ],
        "max": [
          0.0,
          0.0,
          0.0
        ]
      },
      "static/all/lambda": {
        "mean": [
          1.0,
          1.0,
          1.0
        ],
        "min": [
          1.0,
          1.0,
          1.0
        ],
        "max": [
          1.0,
          1.0,
          1.0
        ]
      },
      "static/all/rho": {
        "mean": [
          0.0,
          0.0,
          0.0
        ],
        "min": [
          0.0,
          0.0,
          0.0
        ],
        "max": [
          0.0,
          0.0,
          0.0
        ]
      }
    }
  }
}