{
  "val": {
    "loss": 1.154036767829099,
    "qwk": [
      0.5475471259693863,
      0.41336289504340307,
      0.450988124972613
    ],
    "qwk_average": 0.47063271532846745,
    "cm": [
      [
        [
          0,
          1,
          8,
          1,
          0
        ],
        [
          2,
          6,
          29,
          4,
          0
        ],
        [
          0,
          2,
          86,
          34,
          0
        ],
        [
          0,
          0,
          35,
          99,
          7
        ],
        [
          0,
          0,
          2,
          11,
          8
        ]
      ],
      [
        [
          0,
          3,
          7,
          3,
          0
        ],
        [
          0,
          5,
          24,
          10,
          0
        ],
        [
          1,
          9,
          55,
          39,
          0
        ],
        [
          0,
          0,
          34,
          129,
          0
        ],
        [
          0,
          0,
          3,
          13,
          0
        ]
      ],
      [
        [
          0,
          3,
          9,
          0,
          0
        ],
        [
          0,
          9,
          43,
          0,
          0
        ],
        [
          0,
          18,
          101,
          39,
          0
        ],
        [
          0,
          0,
          45,
          65,
          0
        ],
        [
          0,
          0,
          0,
          3,
          0
        ]
      ]
    ],
    "emd": [
      0.29778123159697334,
      0.31616264214327516,
      0.2933858337024945
    ],
    "macroEMD": 0.30244323581424765,
    "tail_recall0": [
      0.19047619047619047,
      0.0,
      0.0
    ],
    "tail_recall0_average": 0.06349206349206349
  },
  "extra": {
    "static_stats": {
      "static/train/lambda": {
        "mean": [
          1.0,
          1.0,
          1.0
        ],
        "min": [
          1.0,
          1.0,
          1.0
        ],
        "max": [
          1.0,
          1.0,
          1.0
        ]
      },
      "static/train/rho": {
        "mean": [
          0.0,
          0.0,
          0.0
        ],
        "min": [
          0.0,
          0.0,
          0.0
        ],
        "max": [
          0.0,
          0.0,
          0.0
        ]
      },
      "static/val/lambda": {
        "mean": [
          1.0,
          1.0,
          1.0
        ],
        "min": [
          1.0,
          1.0,
          1.0
        ],
        "max": [
          1.0,
          1.0,
          1.0
        ]
      },
      "static/val/rho": {
        "mean": [
          0.0,
          0.0,
          0.0
        ],
        "min": [
          0.0,
          0.0,
          0.0
        ],
        "max": [
          0.0,
          0.0,
          0.0
        ]
      },
      "static/all/lambda": {
        "mean": [
          1.0,
          1.0,
          1.0
        ],
        "min": [
          1.0,
          1.0,
          1.0
        ],
        "max": [
          1.0,
          1.0,
          1.0
        ]
      },
      "static/all/rho": {
        "mean": [
          0.0,
          0.0,
          0.0
        ],
        "min": [
          0.0,
          0.0,
          0.0
        ],
        "max": [
          0.0,
          0.0,
          0.0
        ]
      }
    }
  }
}