{
  "val": {
    "loss": 4.743916374740933,
    "qwk": [
      0.6705688288192413,
      0.6030073474967249,
      0.6092859957725791
    ],
    "qwk_average": 0.6276207240295152,
    "cm": [
      [
        [
          1,
          7,
          2,
          0,
          0
        ],
        [
          0,
          18,
          35,
          1,
          0
        ],
        [
          0,
          15,
          78,
          32,
          0
        ],
        [
          0,
          0,
          24,
          89,
          3
        ],
        [
          0,
          0,
          2,
          15,
          6
        ]
      ],
      [
        [
          0,
          5,
          4,
          0,
          0
        ],
        [
          1,
          18,
          30,
          4,
          0
        ],
        [
          0,
          18,
          73,
          29,
          1
        ],
        [
          0,
          1,
          25,
          102,
          5
        ],
        [
          0,
          0,
          2,
          9,
          1
        ]
      ],
      [
        [
          0,
          3,
          2,
          0,
          0
        ],
        [
          0,
          34,
          35,
          0,
          0
        ],
        [
          0,
          19,
          111,
          21,
          0
        ],
        [
          0,
          2,
          36,
          62,
          1
        ],
        [
          0,
          0,
          0,
          2,
          0
        ]
      ]
    ],
    "emd": [
      0.20439236679070882,
      0.23516386819258467,
      0.2226993722949361
    ],
    "macroEMD": 0.22075186909274322,
    "tail_recall0": [
      0.18043478260869567,
      0.041666666666666664,
      0.0
    ],
    "tail_recall0_average": 0.07403381642512077
  },
  "extra": {
    "static_stats": {
      "static/train/lambda": {
        "mean": 1.0,
        "min": 1.0,
        "max": 1.0
      },
      "static/val/lambda": {
        "mean": 1.0,
        "min": 1.0,
        "max": 1.0
      },
      "static/all/lambda": {
        "mean": 1.0,
        "min": 1.0,
        "max": 1.0
      }
    }
  }
}