{
  "val": {
    "loss": 1.1744608740629738,
    "qwk": [
      0.4895500062326007,
      0.4797067438010515,
      0.5371688977499287
    ],
    "qwk_average": 0.502141882594527,
    "cm": [
      [
        [
          1,
          5,
          2,
          0,
          0
        ],
        [
          0,
          5,
          28,
          7,
          0
        ],
        [
          0,
          3,
          87,
          38,
          0
        ],
        [
          0,
          0,
          47,
          75,
          0
        ],
        [
          0,
          0,
          2,
          24,
          1
        ]
      ],
      [
        [
          0,
          6,
          0,
          0,
          0
        ],
        [
          0,
          7,
          32,
          9,
          0
        ],
        [
          0,
          3,
          77,
          33,
          0
        ],
        [
          0,
          1,
          49,
          98,
          0
        ],
        [
          0,
          0,
          1,
          9,
          0
        ]
      ],
      [
        [
          0,
          1,
          0,
          0,
          0
        ],
        [
          0,
          27,
          43,
          1,
          0
        ],
        [
          0,
          13,
          122,
          16,
          0
        ],
        [
          0,
          1,
          48,
          50,
          0
        ],
        [
          0,
          0,
          1,
          2,
          0
        ]
      ]
    ],
    "emd": [
      0.21069038687348035,
      0.20137697255684656,
      0.1800991334922864
    ],
    "macroEMD": 0.19738883097420445,
    "tail_recall0": [
      0.08101851851851852,
      0.0,
      0.0
    ],
    "tail_recall0_average": 0.02700617283950617
  },
  "extra": {
    "static_stats": {
      "static/train/lambda": {
        "mean": [
          1.0,
          1.0,
          1.0
        ],
        "min": [
          1.0,
          1.0,
          1.0
        ],
        "max": [
          1.0,
          1.0,
          1.0
        ]
      },
      "static/val/lambda": {
        "mean": [
          1.0,
          1.0,
          1.0
        ],
        "min": [
          1.0,
          1.0,
          1.0
        ],
        "max": [
          1.0,
          1.0,
          1.0
        ]
      },
      "static/all/lambda": {
        "mean": [
          1.0,
          1.0,
          1.0
        ],
        "min": [
          1.0,
          1.0,
          1.0
        ],
        "max": [
          1.0,
          1.0,
          1.0
        ]
      }
    }
  }
}