{
  "val": {
    "loss": 1.151975988957286,
    "qwk": [
      0.5917955876080804,
      0.633504918199888,
      0.5865487549453107
    ],
    "qwk_average": 0.6039497535844264,
    "cm": [
      [
        [
          0,
          6,
          3,
          1,
          0
        ],
        [
          0,
          23,
          29,
          3,
          0
        ],
        [
          0,
          17,
          69,
          39,
          0
        ],
        [
          0,
          0,
          36,
          74,
          6
        ],
        [
          0,
          0,
          3,
          14,
          6
        ]
      ],
      [
        [
          0,
          5,
          4,
          0,
          0
        ],
        [
          0,
          22,
          26,
          5,
          0
        ],
        [
          0,
          13,
          69,
          40,
          0
        ],
        [
          0,
          0,
          19,
          112,
          2
        ],
        [
          0,
          0,
          0,
          12,
          0
        ]
      ],
      [
        [
          0,
          3,
          2,
          0,
          0
        ],
        [
          0,
          30,
          39,
          0,
          0
        ],
        [
          0,
          13,
          113,
          26,
          0
        ],
        [
          0,
          1,
          40,
          60,
          0
        ],
        [
          0,
          0,
          0,
          2,
          0
        ]
      ]
    ],
    "emd": [
      0.29424312591418766,
      0.2942947769042057,
      0.28811727848816976
    ],
    "macroEMD": 0.29221839376885433,
    "tail_recall0": [
      0.13043478260869565,
      0.0,
      0.0
    ],
    "tail_recall0_average": 0.043478260869565216
  },
  "extra": {
    "static_stats": {
      "static/train/lambda": {
        "mean": [
          1.0,
          1.0,
          1.0
        ],
        "min": [
          1.0,
          1.0,
          1.0
        ],
        "max": [
          1.0,
          1.0,
          1.0
        ]
      },
      "static/train/rho": {
        "mean": [
          0.0,
          0.0,
          0.0
        ],
        "min": [
          0.0,
          0.0,
          0.0
        ],
        "max": [
          0.0,
          0.0,
          0.0
        ]
      },
      "static/val/lambda": {
        "mean": [
          1.0,
          1.0,
          1.0
        ],
        "min": [
          1.0,
          1.0,
          1.0
        ],
        "max": [
          1.0,
          1.0,
          1.0
        ]
      },
      "static/val/rho": {
        "mean": [
          0.0,
          0.0,
          0.0
        ],
        "min": [
          0.0,
          0.0,
          0.0
        ],
        "max": [
          0.0,
          0.0,
          0.0
        ]
      },
      "static/all/lambda": {
        "mean": [
          1.0,
          1.0,
          1.0
        ],
        "min": [
          1.0,
          1.0,
          1.0
        ],
        "max": [
          1.0,
          1.0,
          1.0
        ]
      },
      "static/all/rho": {
        "mean": [
          0.0,
          0.0,
          0.0
        ],
        "min": [
          0.0,
          0.0,
          0.0
        ],
        "max": [
          0.0,
          0.0,
          0.0
        ]
      }
    }
  }
}