{
  "val": {
    "loss": 10.96153717610155,
    "qwk": [
      0.6278552821997105,
      0.5920507717958372,
      0.5972247804997851
    ],
    "qwk_average": 0.605710278165111,
    "cm": [
      [
        [
          2,
          1,
          5,
          0,
          1
        ],
        [
          5,
          23,
          24,
          3,
          0
        ],
        [
          2,
          16,
          77,
          28,
          2
        ],
        [
          0,
          0,
          21,
          82,
          13
        ],
        [
          0,
          0,
          2,
          16,
          5
        ]
      ],
      [
        [
          0,
          5,
          3,
          1,
          0
        ],
        [
          3,
          23,
          18,
          7,
          1
        ],
        [
          1,
          17,
          55,
          47,
          1
        ],
        [
          0,
          0,
          16,
          117,
          1
        ],
        [
          0,
          0,
          0,
          12,
          0
        ]
      ],
      [
        [
          1,
          3,
          0,
          1,
          0
        ],
        [
          2,
          34,
          31,
          2,
          0
        ],
        [
          1,
          35,
          83,
          32,
          0
        ],
        [
          0,
          3,
          22,
          76,
          0
        ],
        [
          0,
          0,
          0,
          2,
          0
        ]
      ]
    ],
    "emd": [
      0.36948520364526727,
      0.3690187063783802,
      0.36380904303077
    ],
    "macroEMD": 0.3674376510181392,
    "tail_recall0": [
      0.21980676328502413,
      0.0,
      0.1
    ],
    "tail_recall0_average": 0.10660225442834137
  },
  "extra": {
    "static_stats": {
      "static/train/lambda": {
        "mean": 1.0,
        "min": 1.0,
        "max": 1.0
      },
      "static/train/rho": {
        "mean": [
          0.0,
          0.0,
          0.0
        ],
        "min": [
          0.0,
          0.0,
          0.0
        ],
        "max": [
          0.0,
          0.0,
          0.0
        ]
      },
      "static/val/lambda": {
        "mean": 1.0,
        "min": 1.0,
        "max": 1.0
      },
      "static/val/rho": {
        "mean": [
          0.0,
          0.0,
          0.0
        ],
        "min": [
          0.0,
          0.0,
          0.0
        ],
        "max": [
          0.0,
          0.0,
          0.0
        ]
      },
      "static/all/lambda": {
        "mean": 1.0,
        "min": 1.0,
        "max": 1.0
      },
      "static/all/rho": {
        "mean": [
          0.0,
          0.0,
          0.0
        ],
        "min": [
          0.0,
          0.0,
          0.0
        ],
        "max": [
          0.0,
          0.0,
          0.0
        ]
      }
    }
  }
}