{
  "val": {
    "loss": 11.348926129940272,
    "qwk": [
      0.6473742790650612,
      0.5905325443786982,
      0.5547268563951586
    ],
    "qwk_average": 0.597544559946306,
    "cm": [
      [
        [
          3,
          4,
          3,
          0,
          0
        ],
        [
          2,
          12,
          39,
          1,
          0
        ],
        [
          1,
          11,
          71,
          41,
          1
        ],
        [
          0,
          0,
          22,
          87,
          7
        ],
        [
          0,
          0,
          1,
          16,
          6
        ]
      ],
      [
        [
          0,
          6,
          3,
          0,
          0
        ],
        [
          3,
          12,
          33,
          5,
          0
        ],
        [
          1,
          11,
          74,
          34,
          1
        ],
        [
          0,
          1,
          27,
          103,
          2
        ],
        [
          0,
          0,
          1,
          9,
          2
        ]
      ],
      [
        [
          1,
          3,
          1,
          0,
          0
        ],
        [
          0,
          29,
          37,
          3,
          0
        ],
        [
          1,
          21,
          87,
          42,
          0
        ],
        [
          0,
          4,
          25,
          72,
          0
        ],
        [
          0,
          0,
          0,
          2,
          0
        ]
      ]
    ],
    "emd": [
      0.36474111599683506,
      0.37129740535150424,
      0.36122140589179325
    ],
    "macroEMD": 0.36575330908004416,
    "tail_recall0": [
      0.28043478260869564,
      0.08333333333333333,
      0.1
    ],
    "tail_recall0_average": 0.15458937198067632
  },
  "extra": {
    "static_stats": {
      "static/train/lambda": {
        "mean": 1.0,
        "min": 1.0,
        "max": 1.0
      },
      "static/train/rho": {
        "mean": [
          0.0,
          0.0,
          0.0
        ],
        "min": [
          0.0,
          0.0,
          0.0
        ],
        "max": [
          0.0,
          0.0,
          0.0
        ]
      },
      "static/val/lambda": {
        "mean": 1.0,
        "min": 1.0,
        "max": 1.0
      },
      "static/val/rho": {
        "mean": [
          0.0,
          0.0,
          0.0
        ],
        "min": [
          0.0,
          0.0,
          0.0
        ],
        "max": [
          0.0,
          0.0,
          0.0
        ]
      },
      "static/all/lambda": {
        "mean": 1.0,
        "min": 1.0,
        "max": 1.0
      },
      "static/all/rho": {
        "mean": [
          0.0,
          0.0,
          0.0
        ],
        "min": [
          0.0,
          0.0,
          0.0
        ],
        "max": [
          0.0,
          0.0,
          0.0
        ]
      }
    }
  }
}