{
  "val": {
    "loss": 9.28957821584752,
    "qwk": [
      0.5236699349708547,
      0.4521143362310299,
      0.35235026535253977
    ],
    "qwk_average": 0.44271151218480814,
    "cm": [
      [
        [
          0,
          1,
          8,
          1,
          0
        ],
        [
          2,
          6,
          30,
          3,
          0
        ],
        [
          0,
          4,
          68,
          47,
          3
        ],
        [
          0,
          0,
          28,
          100,
          13
        ],
        [
          0,
          0,
          3,
          9,
          9
        ]
      ],
      [
        [
          0,
          4,
          7,
          2,
          0
        ],
        [
          0,
          5,
          26,
          8,
          0
        ],
        [
          0,
          7,
          53,
          44,
          0
        ],
        [
          0,
          1,
          34,
          125,
          3
        ],
        [
          0,
          0,
          3,
          10,
          3
        ]
      ],
      [
        [
          0,
          1,
          11,
          0,
          0
        ],
        [
          0,
          2,
          46,
          3,
          1
        ],
        [
          1,
          6,
          121,
          30,
          0
        ],
        [
          0,
          0,
          49,
          61,
          0
        ],
        [
          0,
          0,
          0,
          3,
          0
        ]
      ]
    ],
    "emd": [
      0.24880702429658758,
      0.2814791306918375,
      0.2784313677211766
    ],
    "macroEMD": 0.2695725075698672,
    "tail_recall0": [
      0.21428571428571427,
      0.09375,
      0.0
    ],
    "tail_recall0_average": 0.10267857142857144
  },
  "extra": {
    "static_stats": {
      "static/train/lambda": {
        "mean": 1.0,
        "min": 1.0,
        "max": 1.0
      },
      "static/train/rho": {
        "mean": [
          0.0,
          0.0,
          0.0
        ],
        "min": [
          0.0,
          0.0,
          0.0
        ],
        "max": [
          0.0,
          0.0,
          0.0
        ]
      },
      "static/val/lambda": {
        "mean": 1.0,
        "min": 1.0,
        "max": 1.0
      },
      "static/val/rho": {
        "mean": [
          0.0,
          0.0,
          0.0
        ],
        "min": [
          0.0,
          0.0,
          0.0
        ],
        "max": [
          0.0,
          0.0,
          0.0
        ]
      },
      "static/all/lambda": {
        "mean": 1.0,
        "min": 1.0,
        "max": 1.0
      },
      "static/all/rho": {
        "mean": [
          0.0,
          0.0,
          0.0
        ],
        "min": [
          0.0,
          0.0,
          0.0
        ],
        "max": [
          0.0,
          0.0,
          0.0
        ]
      }
    }
  }
}