{
  "val": {
    "loss": 4.951622872421972,
    "qwk": [
      0.6115545028577313,
      0.558742322646081,
      0.6447272665730195
    ],
    "qwk_average": 0.6050080306922773,
    "cm": [
      [
        [
          0,
          4,
          5,
          0,
          0
        ],
        [
          0,
          11,
          41,
          2,
          0
        ],
        [
          0,
          8,
          86,
          28,
          4
        ],
        [
          0,
          0,
          29,
          73,
          14
        ],
        [
          0,
          0,
          2,
          8,
          13
        ]
      ],
      [
        [
          0,
          6,
          2,
          1,
          0
        ],
        [
          0,
          15,
          30,
          7,
          0
        ],
        [
          0,
          12,
          75,
          34,
          1
        ],
        [
          0,
          4,
          23,
          97,
          9
        ],
        [
          0,
          0,
          1,
          8,
          3
        ]
      ],
      [
        [
          0,
          4,
          1,
          0,
          0
        ],
        [
          0,
          30,
          36,
          2,
          0
        ],
        [
          0,
          22,
          101,
          29,
          0
        ],
        [
          0,
          0,
          19,
          81,
          1
        ],
        [
          0,
          0,
          1,
          1,
          0
        ]
      ]
    ],
    "emd": [
      0.2231574976218031,
      0.2474531868566449,
      0.23596515020709113
    ],
    "macroEMD": 0.23552527822851302,
    "tail_recall0": [
      0.2826086956521739,
      0.125,
      0.0
    ],
    "tail_recall0_average": 0.1358695652173913
  },
  "extra": {
    "static_stats": {
      "static/train/lambda": {
        "mean": 1.0,
        "min": 1.0,
        "max": 1.0
      },
      "static/val/lambda": {
        "mean": 1.0,
        "min": 1.0,
        "max": 1.0
      },
      "static/all/lambda": {
        "mean": 1.0,
        "min": 1.0,
        "max": 1.0
      }
    }
  }
}